        <ActionStepModifier>
            <Name>Reaph Recover</Name>
            <StrengthBase>0</StrengthBase>
            <StrengthRange>0</StrengthRange>
            <StrengthCount>0</StrengthCount>
            <Flags>
                <Permeating>1</Permeating>
                <LimitDistance>1</LimitDistance>
                <SetLastAttackedDirection>0</SetLastAttackedDirection>
                <ContinueActionOnStepFailure>0</ContinueActionOnStepFailure>
            </Flags>
            <AccuracyMultiplier>1</AccuracyMultiplier>
            <EffectTimeout>0</EffectTimeout>
            <MinEffectRadius>0</MinEffectRadius>
            <EffectRadius>18</EffectRadius>
            <EffectHeight>30</EffectHeight>
            <MaxEffectAngle>360</MaxEffectAngle>
            <EffectSplashHeight>0</EffectSplashHeight>
            <EffectSplashRadius>0</EffectSplashRadius>
            <EffectSplashEffectiveRadius>0</EffectSplashEffectiveRadius>
        </ActionStepModifier>
        <ActionStepModifier>
            <Name>Reaph Heal</Name>
            <StrengthBase>0</StrengthBase>
            <StrengthRange>0</StrengthRange>
            <StrengthCount>0</StrengthCount>
            <Flags>
                <Permeating>1</Permeating>
                <LimitDistance>1</LimitDistance>
                <SetLastAttackedDirection>0</SetLastAttackedDirection>
                <ContinueActionOnStepFailure>0</ContinueActionOnStepFailure>
            </Flags>
            <AccuracyMultiplier>1</AccuracyMultiplier>
            <EffectTimeout>0</EffectTimeout>
            <MinEffectRadius>0</MinEffectRadius>
            <EffectRadius>26</EffectRadius>
            <EffectHeight>30</EffectHeight>
            <MaxEffectAngle>360</MaxEffectAngle>
            <EffectSplashHeight>0</EffectSplashHeight>
            <EffectSplashRadius>0</EffectSplashRadius>
            <EffectSplashEffectiveRadius>0</EffectSplashEffectiveRadius>
        </ActionStepModifier>


        <ObjectClass>
            <ClassNumber>1060</ClassNumber>
            <Name>Reaph</Name>
            <Description>REAPH:&#x0D;&#x0A; &#x0D;&#x0A;Defensive support building&#x0D;&#x0A; &#x0D;&#x0A;Repairs shields of nearby units&#x0D;&#x0A;[Repair rate: 2 hp/s, R: 24]&#x0D;&#x0A;Can move itself</Description>
            <Model>./grekim/reaph_mound.mdl</Model>
            <Rank>60</Rank>
            <Type>2</Type>
            <PrioritySelectionRank>0</PrioritySelectionRank>
            <MaxHealth>300</MaxHealth>
            <MaxEnergy>200</MaxEnergy>
            <MaxArmor>0</MaxArmor>
            <MaxAmmo>30</MaxAmmo>
            <SightRadius>24</SightRadius>
            <ForwardMinSightRadius>0</ForwardMinSightRadius>
            <ReverseMaxSightRadius>0</ReverseMaxSightRadius>
            <ReverseMinSightRadius>0</ReverseMinSightRadius>
            <ForwardSightAngleOfView>360</ForwardSightAngleOfView>
            <SightHeight>30</SightHeight>
            <DistanceIndicatorRadius>0</DistanceIndicatorRadius>
            <AgilityMultiplier>1</AgilityMultiplier>
            <CarryingCapacity>0</CarryingCapacity>
            <MaxTerrainAngle>30</MaxTerrainAngle>
            <TicksToTurn45Degrees>0.5</TicksToTurn45Degrees>
            <HealthFieldName>Shielding</HealthFieldName>
            <EnergyFieldName></EnergyFieldName>
            <AmmoFieldName>failure</AmmoFieldName>
            <Flags>
                <VerticalMovementAllowed>0</VerticalMovementAllowed>
                <UnaffectedByTerrain>0</UnaffectedByTerrain>
                <GainKillExperience>0</GainKillExperience>
                <RemainUpright>1</RemainUpright>
                <NonGroupSelection>1</NonGroupSelection>
                <ShowVisibilityRange>1</ShowVisibilityRange>
                <ShowThroughFogOfWar>1</ShowThroughFogOfWar>
                <AlwaysShowVisibility>0</AlwaysShowVisibility>
                <SeeThroughObjects>1</SeeThroughObjects>
                <ActiveLocatorBeacon>0</ActiveLocatorBeacon>
                <AlwaysHighlightUnit>0</AlwaysHighlightUnit>
                <AlwaysSelectable>0</AlwaysSelectable>
                <AlwaysShowDistanceIndicator>0</AlwaysShowDistanceIndicator>
                <AppearAsNoOwnerUnlessVisible>0</AppearAsNoOwnerUnlessVisible>
                <AlwaysAppearAsNoOwner>0</AlwaysAppearAsNoOwner>
                <AlwaysHighlightUnitUnlessNoOwner>0</AlwaysHighlightUnitUnlessNoOwner>
                <HideHealthField>0</HideHealthField>
                <HideEnergyField>0</HideEnergyField>
                <HideArmorField>0</HideArmorField>
                <HideAmmoField>1</HideAmmoField>
                <HideCapacityField>0</HideCapacityField>
            </Flags>
            <Cloaking>
                <Gradar>0</Gradar>
                <Detector>0</Detector>
                <Visible>0</Visible>
            </Cloaking>
            <Sensing>
                <Gradar>0</Gradar>
                <Detector>0</Detector>
                <Visible>1</Visible>
            </Sensing>
            <StoppedActionSteps />
            <ChronoportedActionSteps>
                <Step>
                    <PrimitiveAction>CLEAR_STATUS</PrimitiveAction>
                    <Target>SELF</Target>
                    <Type>STATUS_CAPABILITY_2</Type>
                </Step>
                <Step>
                    <PrimitiveAction>CONSUME_RESOURCE</PrimitiveAction>
                    <Target>SELF</Target>
                    <Type>P_CUSTOM_CONTROLS</Type>
                    <ValueEval>SET_TO_VALUE</ValueEval>
                    <Value>0</Value>
                </Step>
            </ChronoportedActionSteps>
            <ChronoportArrivedActionSteps>
                <Step>
                    <PrimitiveAction>ACCUM_STATISTIC</PrimitiveAction>
                    <Target>SELF</Target>
                    <Type>CPortArrivals</Type>
                    <ValueEval>ONE</ValueEval>
                    <Value>1</Value>
                </Step>
            </ChronoportArrivedActionSteps>
            <Animations>
                <Animation>
                    <Identifier>ACTION_AMMO_DIE</Identifier>
                    <AnimationNum>0</AnimationNum>
                    <Sound>Sound0</Sound>
                    <AnimationTime>0</AnimationTime>
                    <ShowProgress>0</ShowProgress>
                    <MorphFromActionParameterClass>0</MorphFromActionParameterClass>
                    <LobProjectilePath>0</LobProjectilePath>
                    <RenderModelExplode>1</RenderModelExplode>
                    <Conditions>
                        <Condition>
                            <Resource>U_ACTION</Resource>
                            <Comparison>EQUAL</Comparison>
                            <Value>38</Value>
                        </Condition>
                    </Conditions>
                </Animation>
                <Animation>
                    <Identifier>ACTION_ERROR2</Identifier>
                    <AnimationNum>0</AnimationNum>
                    <Sound>Sound2</Sound>
                    <AnimationTime>0</AnimationTime>
                    <ShowProgress>0</ShowProgress>
                    <MorphFromActionParameterClass>0</MorphFromActionParameterClass>
                    <LobProjectilePath>0</LobProjectilePath>
                    <RenderModelExplode>0</RenderModelExplode>
                    <Conditions>
                        <Condition>
                            <Resource>U_ACTION</Resource>
                            <Comparison>EQUAL</Comparison>
                            <Value>31</Value>
                        </Condition>
                    </Conditions>
                </Animation>
                <Animation>
                    <Identifier>ACTION_ERROR1</Identifier>
                    <AnimationNum>0</AnimationNum>
                    <Sound>Sound1</Sound>
                    <AnimationTime>0</AnimationTime>
                    <ShowProgress>0</ShowProgress>
                    <MorphFromActionParameterClass>0</MorphFromActionParameterClass>
                    <LobProjectilePath>0</LobProjectilePath>
                    <RenderModelExplode>0</RenderModelExplode>
                    <Conditions>
                        <Condition>
                            <Resource>U_ACTION</Resource>
                            <Comparison>EQUAL</Comparison>
                            <Value>30</Value>
                        </Condition>
                    </Conditions>
                </Animation>
                <Animation>
                    <Identifier>ACTION_BLDG_HEAL_delay</Identifier>
                    <AnimationNum>0</AnimationNum>
                    <Sound>Sound0</Sound>
                    <AnimationTime>0</AnimationTime>
                    <ShowProgress>1</ShowProgress>
                    <MorphFromActionParameterClass>0</MorphFromActionParameterClass>
                    <LobProjectilePath>0</LobProjectilePath>
                    <RenderModelExplode>0</RenderModelExplode>
                    <Conditions>
                        <Condition>
                            <Resource>U_ACTION</Resource>
                            <Comparison>EQUAL</Comparison>
                            <Value>14</Value>
                        </Condition>
                    </Conditions>
                </Animation>
                <Animation>
                    <Identifier>ACTION_BLDG_HEAL</Identifier>
                    <AnimationNum>2</AnimationNum>
                    <Sound>Sound20</Sound>
                    <AnimationTime>0</AnimationTime>
                    <ShowProgress>0</ShowProgress>
                    <MorphFromActionParameterClass>0</MorphFromActionParameterClass>
                    <LobProjectilePath>0</LobProjectilePath>
                    <RenderModelExplode>0</RenderModelExplode>
                    <Conditions>
                        <Condition>
                            <Resource>U_ACTION</Resource>
                            <Comparison>EQUAL</Comparison>
                            <Value>13</Value>
                        </Condition>
                    </Conditions>
                </Animation>
                <Animation>
                    <Identifier>ACTION_BLDG_RECOVER</Identifier>
                    <AnimationNum>1</AnimationNum>
                    <Sound>Sound16</Sound>
                    <AnimationTime>0</AnimationTime>
                    <ShowProgress>0</ShowProgress>
                    <MorphFromActionParameterClass>0</MorphFromActionParameterClass>
                    <LobProjectilePath>0</LobProjectilePath>
                    <RenderModelExplode>0</RenderModelExplode>
                    <Conditions>
                        <Condition>
                            <Resource>U_ACTION</Resource>
                            <Comparison>EQUAL</Comparison>
                            <Value>12</Value>
                        </Condition>
                    </Conditions>
                </Animation>
                <Animation>
                    <Identifier>ACTION_CHANGE</Identifier>
                    <AnimationNum>0</AnimationNum>
                    <Sound>Sound0</Sound>
                    <VertShaderEffect>XZ_PLANE_CLAMPED_VERT_SCALE</VertShaderEffect>
                    <FragShaderEffect>TELEPORT_BUILD</FragShaderEffect>
                    <AnimationTime>0</AnimationTime>
                    <ShowProgress>1</ShowProgress>
                    <MorphFromActionParameterClass>1</MorphFromActionParameterClass>
                    <LobProjectilePath>0</LobProjectilePath>
                    <RenderModelExplode>0</RenderModelExplode>
                    <Conditions>
                        <Condition>
                            <Resource>U_ACTION</Resource>
                            <Comparison>EQUAL</Comparison>
                            <Value>10</Value>
                        </Condition>
                    </Conditions>
                </Animation>
                <Animation>
                    <Identifier>ACTION_PLANT</Identifier>
                    <AnimationNum>0</AnimationNum>
                    <Sound>Sound43</Sound>
                    <AnimationTime>0</AnimationTime>
                    <ShowProgress>1</ShowProgress>
                    <MorphFromActionParameterClass>0</MorphFromActionParameterClass>
                    <LobProjectilePath>0</LobProjectilePath>
                    <RenderModelExplode>0</RenderModelExplode>
                    <Conditions>
                        <Condition>
                            <Resource>U_ACTION</Resource>
                            <Comparison>EQUAL</Comparison>
                            <Value>5</Value>
                        </Condition>
                    </Conditions>
                </Animation>
                <Animation>
                    <Identifier>ACTION_STARTMOVE</Identifier>
                    <AnimationNum>0</AnimationNum>
                    <Sound>Sound0</Sound>
                    <AnimationTime>0</AnimationTime>
                    <ShowProgress>1</ShowProgress>
                    <MorphFromActionParameterClass>0</MorphFromActionParameterClass>
                    <LobProjectilePath>0</LobProjectilePath>
                    <RenderModelExplode>0</RenderModelExplode>
                    <Conditions>
                        <Condition>
                            <Resource>U_ACTION</Resource>
                            <Comparison>EQUAL</Comparison>
                            <Value>4</Value>
                        </Condition>
                    </Conditions>
                </Animation>
                <Animation>
                    <Identifier>ACTION_DESTROY</Identifier>
                    <AnimationNum>0</AnimationNum>
                    <Sound>Sound0</Sound>
                    <AnimationTime>0</AnimationTime>
                    <ShowProgress>0</ShowProgress>
                    <MorphFromActionParameterClass>0</MorphFromActionParameterClass>
                    <LobProjectilePath>0</LobProjectilePath>
                    <RenderModelExplode>1</RenderModelExplode>
                    <Conditions>
                        <Condition>
                            <Resource>U_ACTION</Resource>
                            <Comparison>EQUAL</Comparison>
                            <Value>1</Value>
                        </Condition>
                    </Conditions>
                </Animation>
                <Animation>
                    <Identifier>ACTION_CREATE</Identifier>
                    <AnimationNum>0</AnimationNum>
                    <Sound>Sound34</Sound>
                    <VertShaderEffect>XZ_PLANE_CLAMPED_VERT_SCALE</VertShaderEffect>
                    <FragShaderEffect>TELEPORT_BUILD</FragShaderEffect>
                    <AnimationTime>0</AnimationTime>
                    <ShowProgress>1</ShowProgress>
                    <MorphFromActionParameterClass>0</MorphFromActionParameterClass>
                    <LobProjectilePath>0</LobProjectilePath>
                    <RenderModelExplode>0</RenderModelExplode>
                    <Conditions>
                        <Condition>
                            <Resource>U_ACTION</Resource>
                            <Comparison>EQUAL</Comparison>
                            <Value>0</Value>
                        </Condition>
                    </Conditions>
                </Animation>
                <Animation>
                    <Identifier>idle</Identifier>
                    <AnimationNum>0</AnimationNum>
                    <Sound>Sound0</Sound>
                    <AnimationTime>12</AnimationTime>
                    <ShowProgress>0</ShowProgress>
                    <MorphFromActionParameterClass>0</MorphFromActionParameterClass>
                    <LobProjectilePath>0</LobProjectilePath>
                    <RenderModelExplode>0</RenderModelExplode>
                    <Conditions />
                </Animation>
            </Animations>
            <Actions>
                <Action>
                    <ActionNumber>0</ActionNumber>
                    <Identifier>ACTION_CREATE</Identifier>
                    <TimeTaken>540</TimeTaken>
                    <ForceObjectAction>0</ForceObjectAction>
                    <InterruptCurrentAction>0</InterruptCurrentAction>
                    <MutexAction>0</MutexAction>
                    <FailOnInvalidTarget>0</FailOnInvalidTarget>
                    <PreserveParameter>0</PreserveParameter>
                    <AIScriptCanRun>1</AIScriptCanRun>
                    <SetParamZeroTicks>0</SetParamZeroTicks>
                    <AllowActionWhenStopped>0</AllowActionWhenStopped>
                    <Conditions />
                    <Steps>
                        <Step>
                            <PrimitiveAction>ACCUM_STATISTIC</PrimitiveAction>
                            <Target>SELF</Target>
                            <Type>UnitsCreated</Type>
                            <ValueEval>ONE</ValueEval>
                            <Value>1</Value>
                        </Step>
                        <Step>
                            <PrimitiveAction>CONSUME_RESOURCE</PrimitiveAction>
                            <Target>SELF</Target>
                            <Type>U_ENERGY</Type>
                            <ValueEval>SET_TO_VALUE</ValueEval>
                            <Value>70</Value>
                        </Step>
                        <Step>
                            <PrimitiveAction>CONSUME_RESOURCE</PrimitiveAction>
                            <Target>SELF</Target>
                            <Type>U_AMMO</Type>
                            <ValueEval>SET_TO_VALUE</ValueEval>
                            <Value>12</Value>
                        </Step>
                        <Step>
                            <PrimitiveAction>CONSUME_RESOURCE</PrimitiveAction>
                            <Target>SELF</Target>
                            <Probability>0.5</Probability>
                            <Type>U_AMMO</Type>
                            <ValueEval>ONE</ValueEval>
                            <Value>-6</Value>
                        </Step>
                    </Steps>
                </Action>
                <Action>
                    <ActionNumber>1</ActionNumber>
                    <Identifier>ACTION_DESTROY</Identifier>
                    <TimeTaken>720</TimeTaken>
                    <ForceObjectAction>1</ForceObjectAction>
                    <InterruptCurrentAction>1</InterruptCurrentAction>
                    <MutexAction>1</MutexAction>
                    <FailOnInvalidTarget>0</FailOnInvalidTarget>
                    <PreserveParameter>0</PreserveParameter>
                    <AIScriptCanRun>0</AIScriptCanRun>
                    <SetParamZeroTicks>0</SetParamZeroTicks>
                    <AllowActionWhenStopped>0</AllowActionWhenStopped>
                    <Conditions>
                        <Condition>
                            <Resource>U_HP</Resource>
                            <Comparison>EQUAL</Comparison>
                            <Value>0</Value>
                        </Condition>
                        <Condition>
                            <Resource>U_STATUS</Resource>
                            <Comparison>BITMASK</Comparison>
                            <Value>8</Value>
                        </Condition>
                    </Conditions>
                    <Steps>
                        <Step>
                            <PrimitiveAction>ACCUM_STATISTIC</PrimitiveAction>
                            <Target>SELF</Target>
                            <Type>UnitsDestroyed</Type>
                            <ValueEval>ONE</ValueEval>
                            <Value>1</Value>
                        </Step>
                        <Step>
                            <PrimitiveAction>SET_STATUS</PrimitiveAction>
                            <Target>SELF</Target>
                            <Type>STATUS_STASIS</Type>
                        </Step>
                        <Step>
                            <PrimitiveAction>CONSUME_RESOURCE</PrimitiveAction>
                            <Target>SELF</Target>
                            <Type>P_POWER</Type>
                            <ValueEval>ONE</ValueEval>
                            <Value>100</Value>
                        </Step>
                    </Steps>
                </Action>
                <Action>
                    <ActionNumber>4</ActionNumber>
                    <Identifier>ACTION_STARTMOVE</Identifier>
                    <TimeTaken>24</TimeTaken>
                    <ForceObjectAction>0</ForceObjectAction>
                    <InterruptCurrentAction>0</InterruptCurrentAction>
                    <MutexAction>0</MutexAction>
                    <FailOnInvalidTarget>0</FailOnInvalidTarget>
                    <PreserveParameter>0</PreserveParameter>
                    <AIScriptCanRun>0</AIScriptCanRun>
                    <SetParamZeroTicks>0</SetParamZeroTicks>
                    <AllowActionWhenStopped>0</AllowActionWhenStopped>
                    <Conditions />
                    <Steps>
                        <Step>
                            <PrimitiveAction>CHANGE_CLASS</PrimitiveAction>
                            <Target>SELF</Target>
                            <Value>1061</Value>
                        </Step>
                    </Steps>
                </Action>
                <Action>
                    <ActionNumber>5</ActionNumber>
                    <Identifier>ACTION_PLANT</Identifier>
                    <TimeTaken>1</TimeTaken>
                    <ForceObjectAction>0</ForceObjectAction>
                    <InterruptCurrentAction>0</InterruptCurrentAction>
                    <MutexAction>0</MutexAction>
                    <FailOnInvalidTarget>0</FailOnInvalidTarget>
                    <PreserveParameter>0</PreserveParameter>
                    <AIScriptCanRun>0</AIScriptCanRun>
                    <SetParamZeroTicks>0</SetParamZeroTicks>
                    <AllowActionWhenStopped>0</AllowActionWhenStopped>
                    <Conditions />
                    <Steps />
                </Action>
                <Action>
                    <ActionNumber>6</ActionNumber>
                    <Identifier>ACTION_CHANGE_COMMANDER</Identifier>
                    <TimeTaken>0</TimeTaken>
                    <ForceObjectAction>0</ForceObjectAction>
                    <InterruptCurrentAction>0</InterruptCurrentAction>
                    <MutexAction>0</MutexAction>
                    <FailOnInvalidTarget>1</FailOnInvalidTarget>
                    <PreserveParameter>0</PreserveParameter>
                    <AIScriptCanRun>0</AIScriptCanRun>
                    <SetParamZeroTicks>0</SetParamZeroTicks>
                    <AllowActionWhenStopped>0</AllowActionWhenStopped>
                    <Conditions />
                    <Steps>
                        <Step>
                            <PrimitiveAction>CHANGE_COMMANDER</PrimitiveAction>
                            <Target>SELF</Target>
                        </Step>
                    </Steps>
                </Action>
                <Action>
                    <ActionNumber>10</ActionNumber>
                    <Identifier>ACTION_CHANGE</Identifier>
                    <TimeTaken>540</TimeTaken>
                    <ForceObjectAction>0</ForceObjectAction>
                    <InterruptCurrentAction>0</InterruptCurrentAction>
                    <MutexAction>0</MutexAction>
                    <FailOnInvalidTarget>0</FailOnInvalidTarget>
                    <PreserveParameter>1</PreserveParameter>
                    <AIScriptCanRun>0</AIScriptCanRun>
                    <SetParamZeroTicks>0</SetParamZeroTicks>
                    <AllowActionWhenStopped>0</AllowActionWhenStopped>
                    <Conditions />
                    <Steps />
                </Action>
                <Action>
                    <ActionNumber>13</ActionNumber>
                    <Identifier>ACTION_BLDG_HEAL</Identifier>
                    <TimeTaken>12</TimeTaken>
                    <ForceObjectAction>0</ForceObjectAction>
                    <InterruptCurrentAction>0</InterruptCurrentAction>
                    <MutexAction>0</MutexAction>
                    <FailOnInvalidTarget>1</FailOnInvalidTarget>
                    <PreserveParameter>0</PreserveParameter>
                    <AIScriptCanRun>0</AIScriptCanRun>
                    <SetParamZeroTicks>0</SetParamZeroTicks>
                    <AllowActionWhenStopped>0</AllowActionWhenStopped>
                    <Conditions>
                        <Condition>
                            <Resource>P_ADVANCEMENTS</Resource>
                            <Comparison>BITMASK_NOT</Comparison>
                            <Value>32768</Value>
                        </Condition>
                        <Condition>
                            <Resource>U_ENERGY</Resource>
                            <Comparison>GEQUAL</Comparison>
                            <Value>1</Value>
                        </Condition>
                        <Condition>
                            <Resource>P_POWER</Resource>
                            <Comparison>GREATER</Comparison>
                            <Value>-2000</Value>
                        </Condition>
                        <Condition>
                            <Resource>U_SECOND_OWNER</Resource>
                            <Comparison>EQUAL</Comparison>
                            <Value>15</Value>
                        </Condition>
                    </Conditions>
                    <Steps>
                        <Step>
                            <PrimitiveAction>CONSUME_RESOURCE</PrimitiveAction>
                            <Target>TARGET_UNIT</Target>
                            <Type>U_HP</Type>
                            <ValueEval>ONE</ValueEval>
                            <Value>-4</Value>
                            <ActionStepModifier>Reaph Heal</ActionStepModifier>
                        </Step>
                        <Step>
                            <PrimitiveAction>CONSUME_RESOURCE</PrimitiveAction>
                            <Target>SELF</Target>
                            <Type>U_ENERGY</Type>
                            <ValueEval>ONE</ValueEval>
                            <Value>1</Value>
                        </Step>
                        <Step>
                            <PrimitiveAction>CONSUME_RESOURCE</PrimitiveAction>
                            <Target>SELF</Target>
                            <Type>P_POWER</Type>
                            <ValueEval>ONE</ValueEval>
                            <Value>2</Value>
                        </Step>
                    </Steps>
                </Action>
                <Action>
                    <ActionNumber>14</ActionNumber>
                    <Identifier>ACTION_BLDG_HEAL_delay</Identifier>
                    <TimeTaken>23</TimeTaken>
                    <ForceObjectAction>1</ForceObjectAction>
                    <InterruptCurrentAction>0</InterruptCurrentAction>
                    <MutexAction>0</MutexAction>
                    <FailOnInvalidTarget>0</FailOnInvalidTarget>
                    <PreserveParameter>0</PreserveParameter>
                    <AIScriptCanRun>0</AIScriptCanRun>
                    <SetParamZeroTicks>0</SetParamZeroTicks>
                    <AllowActionWhenStopped>0</AllowActionWhenStopped>
                    <Conditions>
                        <Condition>
                            <Resource>U_ACTION</Resource>
                            <Comparison>EQUAL</Comparison>
                            <Value>13</Value>
                        </Condition>
                    </Conditions>
                    <Steps />
                </Action>
                <Action>
                    <ActionNumber>30</ActionNumber>
                    <Identifier>ACTION_ERROR1</Identifier>
                    <TimeTaken>1</TimeTaken>
                    <ForceObjectAction>0</ForceObjectAction>
                    <InterruptCurrentAction>0</InterruptCurrentAction>
                    <MutexAction>0</MutexAction>
                    <FailOnInvalidTarget>0</FailOnInvalidTarget>
                    <PreserveParameter>0</PreserveParameter>
                    <AIScriptCanRun>0</AIScriptCanRun>
                    <SetParamZeroTicks>0</SetParamZeroTicks>
                    <AllowActionWhenStopped>0</AllowActionWhenStopped>
                    <Conditions />
                    <Steps />
                </Action>
                <Action>
                    <ActionNumber>31</ActionNumber>
                    <Identifier>ACTION_ERROR2</Identifier>
                    <TimeTaken>1</TimeTaken>
                    <ForceObjectAction>0</ForceObjectAction>
                    <InterruptCurrentAction>0</InterruptCurrentAction>
                    <MutexAction>0</MutexAction>
                    <FailOnInvalidTarget>0</FailOnInvalidTarget>
                    <PreserveParameter>0</PreserveParameter>
                    <AIScriptCanRun>0</AIScriptCanRun>
                    <SetParamZeroTicks>0</SetParamZeroTicks>
                    <AllowActionWhenStopped>0</AllowActionWhenStopped>
                    <Conditions />
                    <Steps />
                </Action>
                <Action>
                    <ActionNumber>36</ActionNumber>
                    <Identifier>ACTION_GENERATE_E</Identifier>
                    <TimeTaken>0</TimeTaken>
                    <ForceObjectAction>1</ForceObjectAction>
                    <InterruptCurrentAction>1</InterruptCurrentAction>
                    <MutexAction>0</MutexAction>
                    <FailOnInvalidTarget>0</FailOnInvalidTarget>
                    <PreserveParameter>0</PreserveParameter>
                    <AIScriptCanRun>0</AIScriptCanRun>
                    <SetParamZeroTicks>0</SetParamZeroTicks>
                    <AllowActionWhenStopped>0</AllowActionWhenStopped>
                    <Conditions>
                        <Condition>
                            <Resource>U_ENERGY</Resource>
                            <Comparison>LESS</Comparison>
                            <Value>200</Value>
                        </Condition>
                        <Condition>
                            <Resource>U_AGE</Resource>
                            <Comparison>MODULO_IS_ZERO</Comparison>
                            <Value>54</Value>
                        </Condition>
                        <Condition>
                            <Resource>U_ACTION</Resource>
                            <Comparison>NOT_EQUAL</Comparison>
                            <Value>12</Value>
                        </Condition>
                        <Condition>
                            <Resource>U_ACTION</Resource>
                            <Comparison>NOT_EQUAL</Comparison>
                            <Value>13</Value>
                        </Condition>
                        <Condition>
                            <Resource>U_ACTION</Resource>
                            <Comparison>NOT_EQUAL</Comparison>
                            <Value>14</Value>
                        </Condition>
                        <Condition>
                            <Resource>P_POWER</Resource>
                            <Comparison>GREATER</Comparison>
                            <Value>-400</Value>
                        </Condition>
                    </Conditions>
                    <Steps>
                        <Step>
                            <PrimitiveAction>CONSUME_RESOURCE</PrimitiveAction>
                            <Target>SELF</Target>
                            <Type>U_ENERGY</Type>
                            <ValueEval>ONE</ValueEval>
                            <Value>-1</Value>
                        </Step>
                    </Steps>
                </Action>
                <Action>
                    <ActionNumber>37</ActionNumber>
                    <Identifier>ACTION_AMMO</Identifier>
                    <TimeTaken>0</TimeTaken>
                    <ForceObjectAction>1</ForceObjectAction>
                    <InterruptCurrentAction>1</InterruptCurrentAction>
                    <MutexAction>0</MutexAction>
                    <FailOnInvalidTarget>0</FailOnInvalidTarget>
                    <PreserveParameter>0</PreserveParameter>
                    <AIScriptCanRun>0</AIScriptCanRun>
                    <SetParamZeroTicks>0</SetParamZeroTicks>
                    <AllowActionWhenStopped>0</AllowActionWhenStopped>
                    <Conditions>
                        <Condition>
                            <Resource>U_AGE</Resource>
                            <Comparison>MODULO_IS_ZERO</Comparison>
                            <Value>180</Value>
                        </Condition>
                        <Condition>
                            <Resource>P_POWER</Resource>
                            <Comparison>LESS</Comparison>
                            <Value>200</Value>
                        </Condition>
                    </Conditions>
                    <Steps>
                        <Step>
                            <PrimitiveAction>CONSUME_RESOURCE</PrimitiveAction>
                            <Target>SELF</Target>
                            <Type>U_AMMO</Type>
                            <ValueEval>ONE</ValueEval>
                            <Value>-1</Value>
                        </Step>
                    </Steps>
                </Action>
                <Action>
                    <ActionNumber>38</ActionNumber>
                    <Identifier>ACTION_AMMO_DIE</Identifier>
                    <TimeTaken>54</TimeTaken>
                    <ForceObjectAction>1</ForceObjectAction>
                    <InterruptCurrentAction>1</InterruptCurrentAction>
                    <MutexAction>1</MutexAction>
                    <FailOnInvalidTarget>0</FailOnInvalidTarget>
                    <PreserveParameter>0</PreserveParameter>
                    <AIScriptCanRun>0</AIScriptCanRun>
                    <SetParamZeroTicks>0</SetParamZeroTicks>
                    <AllowActionWhenStopped>0</AllowActionWhenStopped>
                    <Conditions>
                        <Condition>
                            <Resource>U_AMMO</Resource>
                            <Comparison>EQUAL</Comparison>
                            <Value>30</Value>
                        </Condition>
                    </Conditions>
                    <Steps>
                        <Step>
                            <PrimitiveAction>ACCUM_STATISTIC</PrimitiveAction>
                            <Target>SELF</Target>
                            <Type>UnitsDestroyed</Type>
                            <ValueEval>ONE</ValueEval>
                            <Value>1</Value>
                        </Step>
                        <Step>
                            <PrimitiveAction>DIE</PrimitiveAction>
                            <Target>SELF</Target>
                        </Step>
                    </Steps>
                </Action>
                <Action>
                    <ActionNumber>40</ActionNumber>
                    <Identifier>ACTION_DEATH</Identifier>
                    <TimeTaken>2</TimeTaken>
                    <ForceObjectAction>1</ForceObjectAction>
                    <InterruptCurrentAction>1</InterruptCurrentAction>
                    <MutexAction>1</MutexAction>
                    <FailOnInvalidTarget>0</FailOnInvalidTarget>
                    <PreserveParameter>0</PreserveParameter>
                    <AIScriptCanRun>0</AIScriptCanRun>
                    <SetParamZeroTicks>0</SetParamZeroTicks>
                    <AllowActionWhenStopped>0</AllowActionWhenStopped>
                    <Conditions>
                        <Condition>
                            <Resource>U_HP</Resource>
                            <Comparison>EQUAL</Comparison>
                            <Value>0</Value>
                        </Condition>
                    </Conditions>
                    <Steps>
                        <Step>
                            <PrimitiveAction>ACCUM_STATISTIC</PrimitiveAction>
                            <Target>SELF</Target>
                            <Type>UnitsDestroyed</Type>
                            <ValueEval>ONE</ValueEval>
                            <Value>1</Value>
                        </Step>
                        <Step>
                            <PrimitiveAction>CONSUME_RESOURCE</PrimitiveAction>
                            <Target>SELF</Target>
                            <Type>P_POWER</Type>
                            <ValueEval>ONE</ValueEval>
                            <Value>100</Value>
                        </Step>
                        <Step>
                            <PrimitiveAction>CHANGE_CLASS</PrimitiveAction>
                            <Target>SELF</Target>
                            <Value>1260</Value>
                        </Step>
                        <Step>
                            <PrimitiveAction>CONSUME_RESOURCE</PrimitiveAction>
                            <Target>SELF</Target>
                            <Type>U_AMMO</Type>
                            <ValueEval>SET_TO_VALUE</ValueEval>
                            <Value>0</Value>
                        </Step>
                    </Steps>
                </Action>
                <Action>
                    <ActionNumber>41</ActionNumber>
                    <Identifier>ACTION_LOW_HP_DIE</Identifier>
                    <TimeTaken>0</TimeTaken>
                    <ForceObjectAction>1</ForceObjectAction>
                    <InterruptCurrentAction>1</InterruptCurrentAction>
                    <MutexAction>0</MutexAction>
                    <FailOnInvalidTarget>0</FailOnInvalidTarget>
                    <PreserveParameter>0</PreserveParameter>
                    <AIScriptCanRun>0</AIScriptCanRun>
                    <SetParamZeroTicks>0</SetParamZeroTicks>
                    <AllowActionWhenStopped>0</AllowActionWhenStopped>
                    <Conditions>
                        <Condition>
                            <Resource>U_AGE</Resource>
                            <Comparison>MODULO_IS_ZERO</Comparison>
                            <Value>720</Value>
                        </Condition>
                        <Condition>
                            <Resource>U_HP</Resource>
                            <Comparison>LEQUAL</Comparison>
                            <Value>60</Value>
                        </Condition>
                    </Conditions>
                    <Steps>
                        <Step>
                            <PrimitiveAction>CONSUME_RESOURCE</PrimitiveAction>
                            <Target>SELF</Target>
                            <Type>U_HP</Type>
                            <ValueEval>SET_TO_VALUE</ValueEval>
                            <Value>0</Value>
                        </Step>
                    </Steps>
                </Action>
                <Action>
                    <ActionNumber>43</ActionNumber>
                    <Identifier>ACTION_CLEAR_LAD</Identifier>
                    <TimeTaken>0</TimeTaken>
                    <ForceObjectAction>1</ForceObjectAction>
                    <InterruptCurrentAction>1</InterruptCurrentAction>
                    <MutexAction>0</MutexAction>
                    <FailOnInvalidTarget>0</FailOnInvalidTarget>
                    <PreserveParameter>0</PreserveParameter>
                    <AIScriptCanRun>0</AIScriptCanRun>
                    <SetParamZeroTicks>0</SetParamZeroTicks>
                    <AllowActionWhenStopped>0</AllowActionWhenStopped>
                    <Conditions>
                        <Condition>
                            <Resource>TIMESTEP</Resource>
                            <Comparison>MODULO_IS_ZERO</Comparison>
                            <Value>87</Value>
                        </Condition>
                        <Condition>
                            <Resource>U_LAST_ATTACKED_DIR</Resource>
                            <Comparison>NOT_EQUAL</Comparison>
                            <Value>0</Value>
                        </Condition>
                    </Conditions>
                    <Steps>
                        <Step>
                            <PrimitiveAction>CLEAR_LAST_ATTACKED_DIR</PrimitiveAction>
                            <Target>SELF</Target>
                        </Step>
                    </Steps>
                </Action>
                <Action>
                    <ActionNumber>55</ActionNumber>
                    <Identifier>ACTION_HEAL_NANITE</Identifier>
                    <TimeTaken>0</TimeTaken>
                    <ForceObjectAction>1</ForceObjectAction>
                    <InterruptCurrentAction>1</InterruptCurrentAction>
                    <MutexAction>0</MutexAction>
                    <FailOnInvalidTarget>0</FailOnInvalidTarget>
                    <PreserveParameter>0</PreserveParameter>
                    <AIScriptCanRun>0</AIScriptCanRun>
                    <SetParamZeroTicks>0</SetParamZeroTicks>
                    <AllowActionWhenStopped>0</AllowActionWhenStopped>
                    <Conditions>
                        <Condition>
                            <Resource>U_AGE</Resource>
                            <Comparison>MODULO_IS_ZERO</Comparison>
                            <Value>18</Value>
                        </Condition>
                        <Condition>
                            <Resource>U_HP</Resource>
                            <Comparison>GEQUAL</Comparison>
                            <Value>290</Value>
                        </Condition>
                        <Condition>
                            <Resource>U_SECOND_OWNER</Resource>
                            <Comparison>NOT_EQUAL</Comparison>
                            <Value>15</Value>
                        </Condition>
                    </Conditions>
                    <Steps>
                        <Step>
                            <PrimitiveAction>NANITE_CLEAR</PrimitiveAction>
                            <Target>SELF</Target>
                        </Step>
                    </Steps>
                </Action>
            </Actions>
            <Objectives>
                <Objective>
                    <ObjectiveNumber>0</ObjectiveNumber>
                    <Script>Script328</Script>
                    <Name></Name>
                    <Details></Details>
                </Objective>
                <Objective>
                    <ObjectiveNumber>9</ObjectiveNumber>
                    <Script>Script189</Script>
                    <Name>Relocate</Name>
                    <Details> \Deactivate to Move</Details>
                </Objective>
                <Objective>
                    <ObjectiveNumber>14</ObjectiveNumber>
                    <Script>Script330</Script>
                    <Name>Clear Status and Nanite</Name>
                    <Details> \Removes Status effects and Nanites\  from the target</Details>
                    <Resource6>60</Resource6>
                </Objective>
                <Objective>
                    <ObjectiveNumber>16</ObjectiveNumber>
                    <Script>Script338</Script>
                    <Name>Chronobomb</Name>
                    <Details> \Launch a missile that will\send all units in the target area\into the future\Max flight range: 375 spaces</Details>
                    <Resource4>270</Resource4>
                    <Resource6>15</Resource6>
                </Objective>
                <Objective>
                    <ObjectiveNumber>19</ObjectiveNumber>
                    <Script>Script336</Script>
                    <Name>Chronobomb</Name>
                    <Details> \Not Available\Must upgrade Weapons and\Chronoporting</Details>
                </Objective>
                <Objective>
                    <ObjectiveNumber>20</ObjectiveNumber>
                    <Script>Script334</Script>
                    <Name>Plasma Bomb</Name>
                    <Details> \Launch a plasma warhead\cruise missile that chronoports back\in time en route to the target\Max flight range: 300 spaces</Details>
                    <Resource4>180</Resource4>
                    <Resource6>30</Resource6>
                    <Resource8>10</Resource8>
                </Objective>
                <Objective>
                    <ObjectiveNumber>21</ObjectiveNumber>
                    <Script>Script338</Script>
                    <Name>ChronoBomb</Name>
                    <Details> \Launch a missile that will\send all units in the target area\into the future\Max flight range: 375 spaces</Details>
                    <Resource4>270</Resource4>
                    <Resource6>125</Resource6>
                </Objective>
                <Objective>
                    <ObjectiveNumber>22</ObjectiveNumber>
                    <Script>Script335</Script>
                    <Name>Plasma Bomb</Name>
                    <Details> \Not Available\Must upgrade Weapons</Details>
                </Objective>
                <Objective>
                    <ObjectiveNumber>23</ObjectiveNumber>
                    <Script>Script336</Script>
                    <Name>ChronoBomb</Name>
                    <Details> \Not Available\Must upgrade Weapons and\Chronoporting</Details>
                </Objective>
                <Objective>
                    <ObjectiveNumber>50</ObjectiveNumber>
                    <Script>Script40</Script>
                    <Name>Morphing...</Name>
                    <Details></Details>
                </Objective>
            </Objectives>
            <ControlShortcuts>
                <ControlShortcut>
                    <ControlNumber>1</ControlNumber>
                    <ControlObjectiveNumber>9</ControlObjectiveNumber>
                    <MouseInputType>SHORTCUT_QUICK_4</MouseInputType>
                    <ParameterType>POSITION_CLASS</ParameterType>
                    <Parameter>1060</Parameter>
                    <KeyboardShortcut>$AchronKBRelocate</KeyboardShortcut>
                    <Flags>
                        <ShortcutOnKeyRelease>0</ShortcutOnKeyRelease>
                        <EstTimeConstIsStart>0</EstTimeConstIsStart>
                        <ButtonDisabled>0</ButtonDisabled>
                        <UserControlsCustom>0</UserControlsCustom>
                        <ButtonInvisible>0</ButtonInvisible>
                        <SelectTarget>0</SelectTarget>
                    </Flags>
                    <EstTimeConst>24</EstTimeConst>
                    <EstTimeDist>18</EstTimeDist>
                    <Sound>Sound0</Sound>
                    <ControlConditions>
                        <ControlCondition>
                            <Resource>U_OBJECTIVE</Resource>
                            <Comparison>NOT_EQUAL</Comparison>
                            <Value>50</Value>
                        </ControlCondition>
                        <ControlCondition>
                            <Resource>U_STATUS</Resource>
                            <Comparison>BITMASK_NOT</Comparison>
                            <Value>32</Value>
                        </ControlCondition>
                    </ControlConditions>
                </ControlShortcut>
            </ControlShortcuts>
        </ObjectClass>
        <ObjectClass>
            <ClassNumber>1061</ClassNumber>
            <Name>Reaph (Moving)</Name>
            <Description></Description>
            <Model>./grekim/reaph_mound.mdl</Model>
            <Rank>60</Rank>
            <Type>2</Type>
            <PrioritySelectionRank>0</PrioritySelectionRank>
            <MaxHealth>300</MaxHealth>
            <MaxEnergy>200</MaxEnergy>
            <MaxArmor>0</MaxArmor>
            <MaxAmmo>30</MaxAmmo>
            <SightRadius>18</SightRadius>
            <ForwardMinSightRadius>0</ForwardMinSightRadius>
            <ReverseMaxSightRadius>0</ReverseMaxSightRadius>
            <ReverseMinSightRadius>0</ReverseMinSightRadius>
            <ForwardSightAngleOfView>360</ForwardSightAngleOfView>
            <SightHeight>30</SightHeight>
            <DistanceIndicatorRadius>0</DistanceIndicatorRadius>
            <AgilityMultiplier>1</AgilityMultiplier>
            <CarryingCapacity>0</CarryingCapacity>
            <MaxTerrainAngle>30</MaxTerrainAngle>
            <TicksToTurn45Degrees>8</TicksToTurn45Degrees>
            <HealthFieldName>Shielding</HealthFieldName>
            <EnergyFieldName></EnergyFieldName>
            <AmmoFieldName>failure</AmmoFieldName>
            <Flags>
                <VerticalMovementAllowed>1</VerticalMovementAllowed>
                <UnaffectedByTerrain>1</UnaffectedByTerrain>
                <GainKillExperience>0</GainKillExperience>
                <RemainUpright>1</RemainUpright>
                <NonGroupSelection>1</NonGroupSelection>
                <ShowVisibilityRange>0</ShowVisibilityRange>
                <ShowThroughFogOfWar>1</ShowThroughFogOfWar>
                <AlwaysShowVisibility>0</AlwaysShowVisibility>
                <SeeThroughObjects>1</SeeThroughObjects>
                <ActiveLocatorBeacon>0</ActiveLocatorBeacon>
                <AlwaysHighlightUnit>0</AlwaysHighlightUnit>
                <AlwaysSelectable>0</AlwaysSelectable>
                <AlwaysShowDistanceIndicator>0</AlwaysShowDistanceIndicator>
                <AppearAsNoOwnerUnlessVisible>0</AppearAsNoOwnerUnlessVisible>
                <AlwaysAppearAsNoOwner>0</AlwaysAppearAsNoOwner>
                <AlwaysHighlightUnitUnlessNoOwner>0</AlwaysHighlightUnitUnlessNoOwner>
                <HideHealthField>0</HideHealthField>
                <HideEnergyField>0</HideEnergyField>
                <HideArmorField>0</HideArmorField>
                <HideAmmoField>1</HideAmmoField>
                <HideCapacityField>0</HideCapacityField>
            </Flags>
            <Cloaking>
                <Gradar>0</Gradar>
                <Detector>0</Detector>
                <Visible>0</Visible>
            </Cloaking>
            <Sensing>
                <Gradar>0</Gradar>
                <Detector>0</Detector>
                <Visible>1</Visible>
            </Sensing>
            <StoppedActionSteps />
            <ChronoportedActionSteps />
            <ChronoportArrivedActionSteps>
                <Step>
                    <PrimitiveAction>ACCUM_STATISTIC</PrimitiveAction>
                    <Target>SELF</Target>
                    <Type>CPortArrivals</Type>
                    <ValueEval>ONE</ValueEval>
                    <Value>1</Value>
                </Step>
            </ChronoportArrivedActionSteps>
            <Animations>
                <Animation>
                    <Identifier>ACTION_MOVE_DOWN</Identifier>
                    <AnimationNum>0</AnimationNum>
                    <Sound>Sound0</Sound>
                    <AnimationTime>0</AnimationTime>
                    <ShowProgress>0</ShowProgress>
                    <MorphFromActionParameterClass>0</MorphFromActionParameterClass>
                    <LobProjectilePath>0</LobProjectilePath>
                    <RenderModelExplode>0</RenderModelExplode>
                    <Conditions>
                        <Condition>
                            <Resource>U_ACTION</Resource>
                            <Comparison>EQUAL</Comparison>
                            <Value>49</Value>
                        </Condition>
                    </Conditions>
                </Animation>
                <Animation>
                    <Identifier>ACTION_MOVE_UP</Identifier>
                    <AnimationNum>0</AnimationNum>
                    <Sound>Sound0</Sound>
                    <AnimationTime>0</AnimationTime>
                    <ShowProgress>0</ShowProgress>
                    <MorphFromActionParameterClass>0</MorphFromActionParameterClass>
                    <LobProjectilePath>0</LobProjectilePath>
                    <RenderModelExplode>0</RenderModelExplode>
                    <Conditions>
                        <Condition>
                            <Resource>U_ACTION</Resource>
                            <Comparison>EQUAL</Comparison>
                            <Value>48</Value>
                        </Condition>
                    </Conditions>
                </Animation>
                <Animation>
                    <Identifier>ACTION_AMMO_DIE</Identifier>
                    <AnimationNum>0</AnimationNum>
                    <Sound>Sound0</Sound>
                    <AnimationTime>0</AnimationTime>
                    <ShowProgress>0</ShowProgress>
                    <MorphFromActionParameterClass>0</MorphFromActionParameterClass>
                    <LobProjectilePath>0</LobProjectilePath>
                    <RenderModelExplode>1</RenderModelExplode>
                    <Conditions>
                        <Condition>
                            <Resource>U_ACTION</Resource>
                            <Comparison>EQUAL</Comparison>
                            <Value>38</Value>
                        </Condition>
                    </Conditions>
                </Animation>
                <Animation>
                    <Identifier>ACTION_ROTATE</Identifier>
                    <AnimationNum>0</AnimationNum>
                    <Sound>Sound0</Sound>
                    <AnimationTime>0</AnimationTime>
                    <ShowProgress>0</ShowProgress>
                    <MorphFromActionParameterClass>0</MorphFromActionParameterClass>
                    <LobProjectilePath>0</LobProjectilePath>
                    <RenderModelExplode>0</RenderModelExplode>
                    <Conditions>
                        <Condition>
                            <Resource>U_ACTION</Resource>
                            <Comparison>EQUAL</Comparison>
                            <Value>35</Value>
                        </Condition>
                    </Conditions>
                </Animation>
                <Animation>
                    <Identifier>ACTION_ERROR2</Identifier>
                    <AnimationNum>0</AnimationNum>
                    <Sound>Sound2</Sound>
                    <AnimationTime>0</AnimationTime>
                    <ShowProgress>0</ShowProgress>
                    <MorphFromActionParameterClass>0</MorphFromActionParameterClass>
                    <LobProjectilePath>0</LobProjectilePath>
                    <RenderModelExplode>0</RenderModelExplode>
                    <Conditions>
                        <Condition>
                            <Resource>U_ACTION</Resource>
                            <Comparison>EQUAL</Comparison>
                            <Value>31</Value>
                        </Condition>
                    </Conditions>
                </Animation>
                <Animation>
                    <Identifier>ACTION_ERROR1</Identifier>
                    <AnimationNum>0</AnimationNum>
                    <Sound>Sound1</Sound>
                    <AnimationTime>0</AnimationTime>
                    <ShowProgress>0</ShowProgress>
                    <MorphFromActionParameterClass>0</MorphFromActionParameterClass>
                    <LobProjectilePath>0</LobProjectilePath>
                    <RenderModelExplode>0</RenderModelExplode>
                    <Conditions>
                        <Condition>
                            <Resource>U_ACTION</Resource>
                            <Comparison>EQUAL</Comparison>
                            <Value>30</Value>
                        </Condition>
                    </Conditions>
                </Animation>
                <Animation>
                    <Identifier>ACTION_PLANT</Identifier>
                    <AnimationNum>0</AnimationNum>
                    <Sound>Sound0</Sound>
                    <AnimationTime>0</AnimationTime>
                    <ShowProgress>1</ShowProgress>
                    <MorphFromActionParameterClass>0</MorphFromActionParameterClass>
                    <LobProjectilePath>0</LobProjectilePath>
                    <RenderModelExplode>0</RenderModelExplode>
                    <Conditions>
                        <Condition>
                            <Resource>U_ACTION</Resource>
                            <Comparison>EQUAL</Comparison>
                            <Value>5</Value>
                        </Condition>
                    </Conditions>
                </Animation>
                <Animation>
                    <Identifier>ACTION_STARTMOVE</Identifier>
                    <AnimationNum>0</AnimationNum>
                    <Sound>Sound21</Sound>
                    <AnimationTime>0</AnimationTime>
                    <ShowProgress>1</ShowProgress>
                    <MorphFromActionParameterClass>0</MorphFromActionParameterClass>
                    <LobProjectilePath>0</LobProjectilePath>
                    <RenderModelExplode>0</RenderModelExplode>
                    <Conditions>
                        <Condition>
                            <Resource>U_ACTION</Resource>
                            <Comparison>EQUAL</Comparison>
                            <Value>4</Value>
                        </Condition>
                    </Conditions>
                </Animation>
                <Animation>
                    <Identifier>ACTION_MOVE</Identifier>
                    <AnimationNum>0</AnimationNum>
                    <Sound>Sound0</Sound>
                    <AnimationTime>0</AnimationTime>
                    <ShowProgress>0</ShowProgress>
                    <MorphFromActionParameterClass>0</MorphFromActionParameterClass>
                    <LobProjectilePath>0</LobProjectilePath>
                    <RenderModelExplode>0</RenderModelExplode>
                    <Conditions>
                        <Condition>
                            <Resource>U_ACTION</Resource>
                            <Comparison>EQUAL</Comparison>
                            <Value>2</Value>
                        </Condition>
                    </Conditions>
                </Animation>
                <Animation>
                    <Identifier>ACTION_DESTROY</Identifier>
                    <AnimationNum>3</AnimationNum>
                    <Sound>Sound113</Sound>
                    <AnimationTime>0</AnimationTime>
                    <ShowProgress>0</ShowProgress>
                    <MorphFromActionParameterClass>0</MorphFromActionParameterClass>
                    <LobProjectilePath>0</LobProjectilePath>
                    <RenderModelExplode>1</RenderModelExplode>
                    <Conditions>
                        <Condition>
                            <Resource>U_ACTION</Resource>
                            <Comparison>EQUAL</Comparison>
                            <Value>1</Value>
                        </Condition>
                    </Conditions>
                </Animation>
                <Animation>
                    <Identifier>ACTION_CREATE</Identifier>
                    <AnimationNum>0</AnimationNum>
                    <Sound>Sound34</Sound>
                    <VertShaderEffect>XZ_PLANE_CLAMPED_VERT_SCALE</VertShaderEffect>
                    <FragShaderEffect>TELEPORT_BUILD</FragShaderEffect>
                    <AnimationTime>0</AnimationTime>
                    <ShowProgress>1</ShowProgress>
                    <MorphFromActionParameterClass>0</MorphFromActionParameterClass>
                    <LobProjectilePath>0</LobProjectilePath>
                    <RenderModelExplode>0</RenderModelExplode>
                    <Conditions>
                        <Condition>
                            <Resource>U_ACTION</Resource>
                            <Comparison>EQUAL</Comparison>
                            <Value>0</Value>
                        </Condition>
                    </Conditions>
                </Animation>
                <Animation>
                    <Identifier>idle</Identifier>
                    <AnimationNum>0</AnimationNum>
                    <Sound>Sound0</Sound>
                    <AnimationTime>24</AnimationTime>
                    <ShowProgress>0</ShowProgress>
                    <MorphFromActionParameterClass>0</MorphFromActionParameterClass>
                    <LobProjectilePath>0</LobProjectilePath>
                    <RenderModelExplode>0</RenderModelExplode>
                    <Conditions />
                </Animation>
            </Animations>
            <Actions>
                <Action>
                    <ActionNumber>0</ActionNumber>
                    <Identifier>ACTION_CREATE</Identifier>
                    <TimeTaken>540</TimeTaken>
                    <ForceObjectAction>0</ForceObjectAction>
                    <InterruptCurrentAction>0</InterruptCurrentAction>
                    <MutexAction>0</MutexAction>
                    <FailOnInvalidTarget>0</FailOnInvalidTarget>
                    <PreserveParameter>0</PreserveParameter>
                    <AIScriptCanRun>0</AIScriptCanRun>
                    <SetParamZeroTicks>0</SetParamZeroTicks>
                    <AllowActionWhenStopped>0</AllowActionWhenStopped>
                    <Conditions />
                    <Steps>
                        <Step>
                            <PrimitiveAction>ACCUM_STATISTIC</PrimitiveAction>
                            <Target>SELF</Target>
                            <Type>UnitsCreated</Type>
                            <ValueEval>ONE</ValueEval>
                            <Value>1</Value>
                        </Step>
                        <Step>
                            <PrimitiveAction>CONSUME_RESOURCE</PrimitiveAction>
                            <Target>SELF</Target>
                            <Type>U_ENERGY</Type>
                            <ValueEval>SET_TO_VALUE</ValueEval>
                            <Value>200</Value>
                        </Step>
                        <Step>
                            <PrimitiveAction>CONSUME_RESOURCE</PrimitiveAction>
                            <Target>SELF</Target>
                            <Type>U_AMMO</Type>
                            <ValueEval>SET_TO_VALUE</ValueEval>
                            <Value>0</Value>
                        </Step>
                    </Steps>
                </Action>
                <Action>
                    <ActionNumber>1</ActionNumber>
                    <Identifier>ACTION_DESTROY</Identifier>
                    <TimeTaken>63</TimeTaken>
                    <ForceObjectAction>1</ForceObjectAction>
                    <InterruptCurrentAction>1</InterruptCurrentAction>
                    <MutexAction>1</MutexAction>
                    <FailOnInvalidTarget>0</FailOnInvalidTarget>
                    <PreserveParameter>0</PreserveParameter>
                    <AIScriptCanRun>0</AIScriptCanRun>
                    <SetParamZeroTicks>0</SetParamZeroTicks>
                    <AllowActionWhenStopped>0</AllowActionWhenStopped>
                    <Conditions>
                        <Condition>
                            <Resource>U_HP</Resource>
                            <Comparison>EQUAL</Comparison>
                            <Value>0</Value>
                        </Condition>
                    </Conditions>
                    <Steps>
                        <Step>
                            <PrimitiveAction>ACCUM_STATISTIC</PrimitiveAction>
                            <Target>SELF</Target>
                            <Type>UnitsDestroyed</Type>
                            <ValueEval>ONE</ValueEval>
                            <Value>1</Value>
                        </Step>
                        <Step>
                            <PrimitiveAction>SET_STATUS</PrimitiveAction>
                            <Target>SELF</Target>
                            <Type>STATUS_STASIS</Type>
                        </Step>
                        <Step>
                            <PrimitiveAction>CONSUME_RESOURCE</PrimitiveAction>
                            <Target>SELF</Target>
                            <Type>P_POWER</Type>
                            <ValueEval>ONE</ValueEval>
                            <Value>200</Value>
                        </Step>
                    </Steps>
                </Action>
                <Action>
                    <ActionNumber>2</ActionNumber>
                    <Identifier>ACTION_MOVE</Identifier>
                    <TimeTaken>18</TimeTaken>
                    <ForceObjectAction>0</ForceObjectAction>
                    <InterruptCurrentAction>0</InterruptCurrentAction>
                    <MutexAction>0</MutexAction>
                    <FailOnInvalidTarget>0</FailOnInvalidTarget>
                    <PreserveParameter>0</PreserveParameter>
                    <AIScriptCanRun>0</AIScriptCanRun>
                    <SetParamZeroTicks>0</SetParamZeroTicks>
                    <AllowActionWhenStopped>0</AllowActionWhenStopped>
                    <Conditions />
                    <Steps>
                        <Step>
                            <PrimitiveAction>MOVE</PrimitiveAction>
                            <Target>SELF</Target>
                            <Value>0</Value>
                        </Step>
                    </Steps>
                </Action>
                <Action>
                    <ActionNumber>4</ActionNumber>
                    <Identifier>ACTION_STARTMOVE</Identifier>
                    <TimeTaken>1</TimeTaken>
                    <ForceObjectAction>0</ForceObjectAction>
                    <InterruptCurrentAction>0</InterruptCurrentAction>
                    <MutexAction>0</MutexAction>
                    <FailOnInvalidTarget>0</FailOnInvalidTarget>
                    <PreserveParameter>0</PreserveParameter>
                    <AIScriptCanRun>0</AIScriptCanRun>
                    <SetParamZeroTicks>0</SetParamZeroTicks>
                    <AllowActionWhenStopped>0</AllowActionWhenStopped>
                    <Conditions />
                    <Steps />
                </Action>
                <Action>
                    <ActionNumber>5</ActionNumber>
                    <Identifier>ACTION_PLANT</Identifier>
                    <TimeTaken>24</TimeTaken>
                    <ForceObjectAction>0</ForceObjectAction>
                    <InterruptCurrentAction>0</InterruptCurrentAction>
                    <MutexAction>0</MutexAction>
                    <FailOnInvalidTarget>0</FailOnInvalidTarget>
                    <PreserveParameter>0</PreserveParameter>
                    <AIScriptCanRun>0</AIScriptCanRun>
                    <SetParamZeroTicks>0</SetParamZeroTicks>
                    <AllowActionWhenStopped>0</AllowActionWhenStopped>
                    <Conditions />
                    <Steps>
                        <Step>
                            <PrimitiveAction>CHANGE_CLASS</PrimitiveAction>
                            <Target>SELF</Target>
                            <Value>1060</Value>
                        </Step>
                    </Steps>
                </Action>
                <Action>
                    <ActionNumber>6</ActionNumber>
                    <Identifier>ACTION_CHANGE_COMMANDER</Identifier>
                    <TimeTaken>0</TimeTaken>
                    <ForceObjectAction>0</ForceObjectAction>
                    <InterruptCurrentAction>0</InterruptCurrentAction>
                    <MutexAction>0</MutexAction>
                    <FailOnInvalidTarget>1</FailOnInvalidTarget>
                    <PreserveParameter>0</PreserveParameter>
                    <AIScriptCanRun>0</AIScriptCanRun>
                    <SetParamZeroTicks>0</SetParamZeroTicks>
                    <AllowActionWhenStopped>0</AllowActionWhenStopped>
                    <Conditions />
                    <Steps>
                        <Step>
                            <PrimitiveAction>CHANGE_COMMANDER</PrimitiveAction>
                            <Target>SELF</Target>
                        </Step>
                    </Steps>
                </Action>
                <Action>
                    <ActionNumber>30</ActionNumber>
                    <Identifier>ACTION_ERROR1</Identifier>
                    <TimeTaken>1</TimeTaken>
                    <ForceObjectAction>0</ForceObjectAction>
                    <InterruptCurrentAction>0</InterruptCurrentAction>
                    <MutexAction>0</MutexAction>
                    <FailOnInvalidTarget>0</FailOnInvalidTarget>
                    <PreserveParameter>0</PreserveParameter>
                    <AIScriptCanRun>0</AIScriptCanRun>
                    <SetParamZeroTicks>0</SetParamZeroTicks>
                    <AllowActionWhenStopped>0</AllowActionWhenStopped>
                    <Conditions />
                    <Steps />
                </Action>
                <Action>
                    <ActionNumber>31</ActionNumber>
                    <Identifier>ACTION_ERROR2</Identifier>
                    <TimeTaken>1</TimeTaken>
                    <ForceObjectAction>0</ForceObjectAction>
                    <InterruptCurrentAction>0</InterruptCurrentAction>
                    <MutexAction>0</MutexAction>
                    <FailOnInvalidTarget>0</FailOnInvalidTarget>
                    <PreserveParameter>0</PreserveParameter>
                    <AIScriptCanRun>0</AIScriptCanRun>
                    <SetParamZeroTicks>0</SetParamZeroTicks>
                    <AllowActionWhenStopped>0</AllowActionWhenStopped>
                    <Conditions />
                    <Steps />
                </Action>
                <Action>
                    <ActionNumber>35</ActionNumber>
                    <Identifier>ACTION_ROTATE</Identifier>
                    <TimeTaken>1</TimeTaken>
                    <ForceObjectAction>0</ForceObjectAction>
                    <InterruptCurrentAction>0</InterruptCurrentAction>
                    <MutexAction>0</MutexAction>
                    <FailOnInvalidTarget>0</FailOnInvalidTarget>
                    <PreserveParameter>0</PreserveParameter>
                    <AIScriptCanRun>0</AIScriptCanRun>
                    <SetParamZeroTicks>0</SetParamZeroTicks>
                    <AllowActionWhenStopped>0</AllowActionWhenStopped>
                    <Conditions />
                    <Steps>
                        <Step>
                            <PrimitiveAction>ROTATE</PrimitiveAction>
                            <Target>SELF</Target>
                        </Step>
                    </Steps>
                </Action>
                <Action>
                    <ActionNumber>36</ActionNumber>
                    <Identifier>ACTION_GENERATE_E</Identifier>
                    <TimeTaken>0</TimeTaken>
                    <ForceObjectAction>1</ForceObjectAction>
                    <InterruptCurrentAction>1</InterruptCurrentAction>
                    <MutexAction>0</MutexAction>
                    <FailOnInvalidTarget>0</FailOnInvalidTarget>
                    <PreserveParameter>0</PreserveParameter>
                    <AIScriptCanRun>0</AIScriptCanRun>
                    <SetParamZeroTicks>0</SetParamZeroTicks>
                    <AllowActionWhenStopped>0</AllowActionWhenStopped>
                    <Conditions>
                        <Condition>
                            <Resource>U_ENERGY</Resource>
                            <Comparison>LESS</Comparison>
                            <Value>200</Value>
                        </Condition>
                        <Condition>
                            <Resource>U_AGE</Resource>
                            <Comparison>MODULO_IS_ZERO</Comparison>
                            <Value>54</Value>
                        </Condition>
                        <Condition>
                            <Resource>P_POWER</Resource>
                            <Comparison>GREATER</Comparison>
                            <Value>-400</Value>
                        </Condition>
                    </Conditions>
                    <Steps>
                        <Step>
                            <PrimitiveAction>CONSUME_RESOURCE</PrimitiveAction>
                            <Target>SELF</Target>
                            <Type>U_ENERGY</Type>
                            <ValueEval>ONE</ValueEval>
                            <Value>-1</Value>
                        </Step>
                    </Steps>
                </Action>
				<Action>
                    <ActionNumber>37</ActionNumber>
                    <Identifier>ACTION_AMMO</Identifier>
                    <TimeTaken>0</TimeTaken>
                    <ForceObjectAction>1</ForceObjectAction>
                    <InterruptCurrentAction>1</InterruptCurrentAction>
                    <MutexAction>0</MutexAction>
                    <FailOnInvalidTarget>0</FailOnInvalidTarget>
                    <PreserveParameter>0</PreserveParameter>
                    <AIScriptCanRun>0</AIScriptCanRun>
                    <SetParamZeroTicks>0</SetParamZeroTicks>
                    <AllowActionWhenStopped>0</AllowActionWhenStopped>
                    <Conditions>
                        <Condition>
                            <Resource>U_AGE</Resource>
                            <Comparison>MODULO_IS_ZERO</Comparison>
                            <Value>180</Value>
                        </Condition>
                        <Condition>
                            <Resource>P_POWER</Resource>
                            <Comparison>LESS</Comparison>
                            <Value>200</Value>
                        </Condition>
                    </Conditions>
                    <Steps>
                        <Step>
                            <PrimitiveAction>CONSUME_RESOURCE</PrimitiveAction>
                            <Target>SELF</Target>
                            <Type>U_AMMO</Type>
                            <ValueEval>ONE</ValueEval>
                            <Value>-1</Value>
                        </Step>
                    </Steps>
                </Action>
                <Action>
                    <ActionNumber>38</ActionNumber>
                    <Identifier>ACTION_AMMO_DIE</Identifier>
                    <TimeTaken>54</TimeTaken>
                    <ForceObjectAction>1</ForceObjectAction>
                    <InterruptCurrentAction>1</InterruptCurrentAction>
                    <MutexAction>1</MutexAction>
                    <FailOnInvalidTarget>0</FailOnInvalidTarget>
                    <PreserveParameter>0</PreserveParameter>
                    <AIScriptCanRun>0</AIScriptCanRun>
                    <SetParamZeroTicks>0</SetParamZeroTicks>
                    <AllowActionWhenStopped>0</AllowActionWhenStopped>
                    <Conditions>
                        <Condition>
                            <Resource>U_AMMO</Resource>
                            <Comparison>EQUAL</Comparison>
                            <Value>30</Value>
                        </Condition>
                    </Conditions>
                    <Steps>
                        <Step>
                            <PrimitiveAction>ACCUM_STATISTIC</PrimitiveAction>
                            <Target>SELF</Target>
                            <Type>UnitsDestroyed</Type>
                            <ValueEval>ONE</ValueEval>
                            <Value>1</Value>
                        </Step>
                        <Step>
                            <PrimitiveAction>DIE</PrimitiveAction>
                            <Target>SELF</Target>
                        </Step>
                    </Steps>
                </Action>
                <Action>
                    <ActionNumber>43</ActionNumber>
                    <Identifier>ACTION_CLEAR_LAD</Identifier>
                    <TimeTaken>0</TimeTaken>
                    <ForceObjectAction>1</ForceObjectAction>
                    <InterruptCurrentAction>1</InterruptCurrentAction>
                    <MutexAction>0</MutexAction>
                    <FailOnInvalidTarget>0</FailOnInvalidTarget>
                    <PreserveParameter>0</PreserveParameter>
                    <AIScriptCanRun>0</AIScriptCanRun>
                    <SetParamZeroTicks>0</SetParamZeroTicks>
                    <AllowActionWhenStopped>0</AllowActionWhenStopped>
                    <Conditions>
                        <Condition>
                            <Resource>TIMESTEP</Resource>
                            <Comparison>MODULO_IS_ZERO</Comparison>
                            <Value>87</Value>
                        </Condition>
                        <Condition>
                            <Resource>U_LAST_ATTACKED_DIR</Resource>
                            <Comparison>NOT_EQUAL</Comparison>
                            <Value>0</Value>
                        </Condition>
                    </Conditions>
                    <Steps>
                        <Step>
                            <PrimitiveAction>CLEAR_LAST_ATTACKED_DIR</PrimitiveAction>
                            <Target>SELF</Target>
                        </Step>
                    </Steps>
                </Action>
                <Action>
                    <ActionNumber>48</ActionNumber>
                    <Identifier>ACTION_MOVE_UP</Identifier>
                    <TimeTaken>4</TimeTaken>
                    <ForceObjectAction>0</ForceObjectAction>
                    <InterruptCurrentAction>0</InterruptCurrentAction>
                    <MutexAction>0</MutexAction>
                    <FailOnInvalidTarget>0</FailOnInvalidTarget>
                    <PreserveParameter>1</PreserveParameter>
                    <AIScriptCanRun>0</AIScriptCanRun>
                    <SetParamZeroTicks>0</SetParamZeroTicks>
                    <AllowActionWhenStopped>0</AllowActionWhenStopped>
                    <Conditions>
                        <Condition>
                            <Resource>PARAMETER</Resource>
                            <Comparison>BITMASK</Comparison>
                            <Value>16</Value>
                        </Condition>
                    </Conditions>
                    <Steps>
                        <Step>
                            <PrimitiveAction>MOVE</PrimitiveAction>
                            <Target>SELF</Target>
                            <Value>0</Value>
                        </Step>
                    </Steps>
                </Action>
                <Action>
                    <ActionNumber>49</ActionNumber>
                    <Identifier>ACTION_MOVE_DOWN</Identifier>
                    <TimeTaken>4</TimeTaken>
                    <ForceObjectAction>0</ForceObjectAction>
                    <InterruptCurrentAction>0</InterruptCurrentAction>
                    <MutexAction>0</MutexAction>
                    <FailOnInvalidTarget>0</FailOnInvalidTarget>
                    <PreserveParameter>1</PreserveParameter>
                    <AIScriptCanRun>0</AIScriptCanRun>
                    <SetParamZeroTicks>0</SetParamZeroTicks>
                    <AllowActionWhenStopped>0</AllowActionWhenStopped>
                    <Conditions>
                        <Condition>
                            <Resource>PARAMETER</Resource>
                            <Comparison>BITMASK</Comparison>
                            <Value>32</Value>
                        </Condition>
                    </Conditions>
                    <Steps>
                        <Step>
                            <PrimitiveAction>MOVE</PrimitiveAction>
                            <Target>SELF</Target>
                            <Value>0</Value>
                        </Step>
                    </Steps>
                </Action>
                <Action>
                    <ActionNumber>55</ActionNumber>
                    <Identifier>ACTION_HEAL_NANITE</Identifier>
                    <TimeTaken>0</TimeTaken>
                    <ForceObjectAction>1</ForceObjectAction>
                    <InterruptCurrentAction>1</InterruptCurrentAction>
                    <MutexAction>0</MutexAction>
                    <FailOnInvalidTarget>0</FailOnInvalidTarget>
                    <PreserveParameter>0</PreserveParameter>
                    <AIScriptCanRun>0</AIScriptCanRun>
                    <SetParamZeroTicks>0</SetParamZeroTicks>
                    <AllowActionWhenStopped>0</AllowActionWhenStopped>
                    <Conditions>
                        <Condition>
                            <Resource>U_AGE</Resource>
                            <Comparison>MODULO_IS_ZERO</Comparison>
                            <Value>18</Value>
                        </Condition>
                        <Condition>
                            <Resource>U_HP</Resource>
                            <Comparison>GEQUAL</Comparison>
                            <Value>290</Value>
                        </Condition>
                        <Condition>
                            <Resource>U_SECOND_OWNER</Resource>
                            <Comparison>NOT_EQUAL</Comparison>
                            <Value>15</Value>
                        </Condition>
                    </Conditions>
                    <Steps>
                        <Step>
                            <PrimitiveAction>NANITE_CLEAR</PrimitiveAction>
                            <Target>SELF</Target>
                        </Step>
                    </Steps>
                </Action>
            </Actions>
            <Objectives>
                <Objective>
                    <ObjectiveNumber>0</ObjectiveNumber>
                    <Script>Script389</Script>
                    <Name></Name>
                    <Details></Details>
                </Objective>
                <Objective>
                    <ObjectiveNumber>9</ObjectiveNumber>
                    <Script>Script24</Script>
                    <Name>Move</Name>
                    <Details></Details>
                    <ObjectiveControlShortcutNumber>0</ObjectiveControlShortcutNumber>
                </Objective>
                <Objective>
                    <ObjectiveNumber>10</ObjectiveNumber>
                    <Script>Script23</Script>
                    <Name>Moving</Name>
                    <Details></Details>
                    <ObjectiveControlShortcutNumber>0</ObjectiveControlShortcutNumber>
                </Objective>
                <Objective>
                    <ObjectiveNumber>11</ObjectiveNumber>
                    <Script>Script181</Script>
                    <Name>Activating</Name>
                    <Details></Details>
                    <ObjectiveControlShortcutNumber>1</ObjectiveControlShortcutNumber>
                </Objective>
                <Objective>
                    <ObjectiveNumber>12</ObjectiveNumber>
                    <Script>Script182</Script>
                    <Name>Activate</Name>
                    <Details> \Plant on the ground and activate</Details>
                    <ObjectiveControlShortcutNumber>1</ObjectiveControlShortcutNumber>
                </Objective>
            </Objectives>
            <ControlShortcuts>
                <ControlShortcut>
                    <ControlNumber>0</ControlNumber>
                    <ControlObjectiveNumber>9</ControlObjectiveNumber>
                    <MouseInputType>SHORTCUT_TILE</MouseInputType>
                    <ParameterType>POSITION_CLASS</ParameterType>
                    <Parameter>1060</Parameter>
                    <KeyboardShortcut>$AchronKBMove</KeyboardShortcut>
                    <Flags>
                        <ShortcutOnKeyRelease>0</ShortcutOnKeyRelease>
                        <EstTimeConstIsStart>0</EstTimeConstIsStart>
                        <ButtonDisabled>0</ButtonDisabled>
                        <UserControlsCustom>0</UserControlsCustom>
                        <ButtonInvisible>0</ButtonInvisible>
                        <SelectTarget>0</SelectTarget>
                    </Flags>
                    <EstTimeConst>0</EstTimeConst>
                    <EstTimeDist>18</EstTimeDist>
                    <Sound>Sound0</Sound>
                    <ControlConditions />
                </ControlShortcut>
                <ControlShortcut>
                    <ControlNumber>1</ControlNumber>
                    <ControlObjectiveNumber>12</ControlObjectiveNumber>
                    <ParameterType>POSITION_CLASS</ParameterType>
                    <Parameter>1060</Parameter>
                    <KeyboardShortcut>$AchronKBActiveMode</KeyboardShortcut>
                    <Flags>
                        <ShortcutOnKeyRelease>0</ShortcutOnKeyRelease>
                        <EstTimeConstIsStart>0</EstTimeConstIsStart>
                        <ButtonDisabled>0</ButtonDisabled>
                        <UserControlsCustom>0</UserControlsCustom>
                        <ButtonInvisible>0</ButtonInvisible>
                        <SelectTarget>0</SelectTarget>
                    </Flags>
                    <EstTimeConst>24</EstTimeConst>
                    <EstTimeDist>18</EstTimeDist>
                    <Sound>Sound0</Sound>
                    <ControlConditions />
                </ControlShortcut>
            </ControlShortcuts>
        </ObjectClass>
	
                <Animation>
                    <Identifier>ACTION_CHRONOBOMB</Identifier>
                    <AnimationNum>0</AnimationNum>
                    <Sound>Sound22</Sound>
                    <AnimationTime>0</AnimationTime>
                    <ShowProgress>0</ShowProgress>
                    <MorphFromActionParameterClass>0</MorphFromActionParameterClass>
                    <LobProjectilePath>0</LobProjectilePath>
                    <RenderModelExplode>0</RenderModelExplode>
                    <Conditions>
                        <Condition>
                            <Resource>U_ACTION</Resource>
                            <Comparison>EQUAL</Comparison>
                            <Value>11</Value>
                        </Condition>
                    </Conditions>
                </Animation>
                <Animation>
                    <Identifier>ACTION_ATTACK</Identifier>
                    <AnimationNum>0</AnimationNum>
                    <Sound>Sound24</Sound>
                    <AnimationTime>0</AnimationTime>
                    <ShowProgress>0</ShowProgress>
                    <MorphFromActionParameterClass>0</MorphFromActionParameterClass>
                    <LobProjectilePath>0</LobProjectilePath>
                    <RenderModelExplode>0</RenderModelExplode>
                    <Conditions>
                        <Condition>
                            <Resource>U_ACTION</Resource>
                            <Comparison>EQUAL</Comparison>
                            <Value>3</Value>
                        </Condition>
                    </Conditions>
                </Animation>
                <Action>
                    <ActionNumber>3</ActionNumber>
                    <Identifier>ACTION_ATTACK</Identifier>
                    <TimeTaken>12</TimeTaken>
                    <ForceObjectAction>0</ForceObjectAction>
                    <InterruptCurrentAction>0</InterruptCurrentAction>
                    <MutexAction>0</MutexAction>
                    <FailOnInvalidTarget>0</FailOnInvalidTarget>
                    <PreserveParameter>1</PreserveParameter>
                    <AIScriptCanRun>0</AIScriptCanRun>
                    <SetParamZeroTicks>0</SetParamZeroTicks>
                    <AllowActionWhenStopped>0</AllowActionWhenStopped>
                    <Conditions>
                        <Condition>
                            <Resource>U_STATUS</Resource>
                            <Comparison>BITMASK_NOT</Comparison>
                            <Value>2</Value>
                        </Condition>
                        <Condition>
                            <Resource>P_Q_PLASMA</Resource>
                            <Comparison>GEQUAL</Comparison>
                            <Value>180</Value>
                        </Condition>
                        <Condition>
                            <Resource>U_ENERGY</Resource>
                            <Comparison>GEQUAL</Comparison>
                            <Value>30</Value>
                        </Condition>
                        <Condition>
                            <Resource>U_AMMO</Resource>
                            <Comparison>GEQUAL</Comparison>
                            <Value>10</Value>
                        </Condition>
                    </Conditions>
                    <Steps>
                        <Step>
                            <PrimitiveAction>CONSUME_RESOURCE</PrimitiveAction>
                            <Target>SELF</Target>
                            <Type>P_Q_PLASMA</Type>
                            <ValueEval>ONE</ValueEval>
                            <Value>180</Value>
                        </Step>
                        <Step>
                            <PrimitiveAction>CONSUME_RESOURCE</PrimitiveAction>
                            <Target>SELF</Target>
                            <Type>U_ENERGY</Type>
                            <ValueEval>ONE</ValueEval>
                            <Value>30</Value>
                        </Step>
                        <Step>
                            <PrimitiveAction>CONSUME_RESOURCE</PrimitiveAction>
                            <Target>SELF</Target>
                            <Type>U_AMMO</Type>
                            <ValueEval>ONE</ValueEval>
                            <Value>10</Value>
                        </Step>
                        <Step>
                            <PrimitiveAction>CREATE_UNIT</PrimitiveAction>
                            <Target>SELF</Target>
                            <Value>1115</Value>
                        </Step>
                    </Steps>
                </Action>
                <Action>
                    <ActionNumber>12</ActionNumber>
                    <Identifier>ACTION_BLDG_RECOVER</Identifier>
                    <TimeTaken>16</TimeTaken>
                    <ForceObjectAction>0</ForceObjectAction>
                    <InterruptCurrentAction>0</InterruptCurrentAction>
                    <MutexAction>0</MutexAction>
                    <FailOnInvalidTarget>1</FailOnInvalidTarget>
                    <PreserveParameter>0</PreserveParameter>
                    <AIScriptCanRun>0</AIScriptCanRun>
                    <SetParamZeroTicks>0</SetParamZeroTicks>
                    <AllowActionWhenStopped>0</AllowActionWhenStopped>
                    <Conditions>
                        <Condition>
                            <Resource>U_ENERGY</Resource>
                            <Comparison>GEQUAL</Comparison>
                            <Value>60</Value>
                        </Condition>
                        <Condition>
                            <Resource>U_ENERGY</Resource>
                            <Comparison>EQUAL</Comparison>
                            <Value>0</Value>
                        </Condition>
                    </Conditions>
                    <Steps>
                        <Step>
                            <PrimitiveAction>NANITE_CLEAR</PrimitiveAction>
                            <Target>TARGET_UNIT</Target>
                            <ActionStepModifier>Reaph Recover</ActionStepModifier>
                        </Step>
                        <Step>
                            <PrimitiveAction>CLEAR_STATUS</PrimitiveAction>
                            <Target>TARGET_UNIT</Target>
                            <Type>STATUS_STOP</Type>
                            <ActionStepModifier>Reaph Recover</ActionStepModifier>
                        </Step>
                        <Step>
                            <PrimitiveAction>CLEAR_STATUS</PrimitiveAction>
                            <Target>TARGET_UNIT</Target>
                            <Type>STATUS_COMMJAM</Type>
                            <ActionStepModifier>Reaph Recover</ActionStepModifier>
                        </Step>
                        <Step>
                            <PrimitiveAction>CONSUME_RESOURCE</PrimitiveAction>
                            <Target>SELF</Target>
                            <Type>U_ENERGY</Type>
                            <ValueEval>ONE</ValueEval>
                            <Value>60</Value>
                        </Step>
                    </Steps>
                </Action>
                <Action>
                    <ActionNumber>11</ActionNumber>
                    <Identifier>ACTION_CHRONOBOMB</Identifier>
                    <TimeTaken>6</TimeTaken>
                    <ForceObjectAction>0</ForceObjectAction>
                    <InterruptCurrentAction>0</InterruptCurrentAction>
                    <MutexAction>0</MutexAction>
                    <FailOnInvalidTarget>0</FailOnInvalidTarget>
                    <PreserveParameter>1</PreserveParameter>
                    <AIScriptCanRun>0</AIScriptCanRun>
                    <SetParamZeroTicks>0</SetParamZeroTicks>
                    <AllowActionWhenStopped>0</AllowActionWhenStopped>
                    <Conditions>
                        <Condition>
                            <Resource>P_ADVANCEMENTS</Resource>
                            <Comparison>BITMASK</Comparison>
                            <Value>1024</Value>
                        </Condition>
                        <Condition>
                            <Resource>U_ENERGY</Resource>
                            <Comparison>GEQUAL</Comparison>
                            <Value>125</Value>
                        </Condition>
                        <Condition>
                            <Resource>P_Q_PLASMA</Resource>
                            <Comparison>GEQUAL</Comparison>
                            <Value>270</Value>
                        </Condition>
                        <Condition>
                            <Resource>U_AMMO</Resource>
                            <Comparison>GEQUAL</Comparison>
                            <Value>15</Value>
                        </Condition>
                    </Conditions>
                    <Steps>
                        <Step>
                            <PrimitiveAction>CONSUME_RESOURCE</PrimitiveAction>
                            <Target>SELF</Target>
                            <Type>U_ENERGY</Type>
                            <ValueEval>ONE</ValueEval>
                            <Value>125</Value>
                        </Step>
                        <Step>
                            <PrimitiveAction>CONSUME_RESOURCE</PrimitiveAction>
                            <Target>SELF</Target>
                            <Type>P_Q_PLASMA</Type>
                            <ValueEval>ONE</ValueEval>
                            <Value>270</Value>
                        </Step>
                        <Step>
                            <PrimitiveAction>CONSUME_RESOURCE</PrimitiveAction>
                            <Target>SELF</Target>
                            <Type>U_AMMO</Type>
                            <ValueEval>ONE</ValueEval>
                            <Value>15</Value>
                        </Step>
                        <Step>
                            <PrimitiveAction>CREATE_UNIT</PrimitiveAction>
                            <Target>SELF</Target>
                            <Value>1120</Value>
                        </Step>
                    </Steps>
                </Action>

                <ControlShortcut>
                    <ControlNumber>0</ControlNumber>
                    <ControlObjectiveNumber>14</ControlObjectiveNumber>
                    <MouseInputType>SHORTCUT_QUICK_1</MouseInputType>
                    <ParameterType>UNIT</ParameterType>
                    <Parameter>0</Parameter>
                    <KeyboardShortcut>$AchronKBClearNanite</KeyboardShortcut>
                    <Flags>
                        <ShortcutOnKeyRelease>0</ShortcutOnKeyRelease>
                        <EstTimeConstIsStart>0</EstTimeConstIsStart>
                        <ButtonDisabled>0</ButtonDisabled>
                        <UserControlsCustom>0</UserControlsCustom>
                        <ButtonInvisible>0</ButtonInvisible>
                        <SelectTarget>0</SelectTarget>
                    </Flags>
                    <EstTimeConst>0</EstTimeConst>
                    <EstTimeDist>0</EstTimeDist>
                    <Sound>Sound0</Sound>
                    <ControlConditions>
                        <ControlCondition>
                            <Resource>U_OBJECTIVE</Resource>
                            <Comparison>NOT_EQUAL</Comparison>
                            <Value>50</Value>
                        </ControlCondition>
                        <ControlCondition>
                            <Resource>U_STATUS</Resource>
                            <Comparison>BITMASK_NOT</Comparison>
                            <Value>32</Value>
                        </ControlCondition>
                    </ControlConditions>
                </ControlShortcut>
