        <ObjectClass>
            <ClassNumber>1310</ClassNumber>
            <Name>Pharoligo (Crashing!)</Name>
            <Description>Lookout!&#x0D;&#x0A; &#x0D;&#x0A;This Pharoligo is out of control!&#x0D;&#x0A; &#x0D;&#x0A;Blow it up or run away before it hits something</Description>
            <Model>./grekim/pharoligo.mdl</Model>
            <Rank>260</Rank>
            <Type>2</Type>
            <PrioritySelectionRank>0</PrioritySelectionRank>
            <MaxHealth>90</MaxHealth>
            <MaxEnergy>0</MaxEnergy>
            <MaxArmor>0</MaxArmor>
            <MaxAmmo>250</MaxAmmo>
            <SightRadius>15</SightRadius>
            <ForwardMinSightRadius>0</ForwardMinSightRadius>
            <ReverseMaxSightRadius>0</ReverseMaxSightRadius>
            <ReverseMinSightRadius>0</ReverseMinSightRadius>
            <ForwardSightAngleOfView>360</ForwardSightAngleOfView>
            <SightHeight>30</SightHeight>
            <DistanceIndicatorRadius>0</DistanceIndicatorRadius>
            <AgilityMultiplier>0.3</AgilityMultiplier>
            <CarryingCapacity>0</CarryingCapacity>
            <MaxTerrainAngle>30</MaxTerrainAngle>
            <TicksToTurn45Degrees>3.5</TicksToTurn45Degrees>
            <HealthFieldName>Hull</HealthFieldName>
            <EnergyFieldName></EnergyFieldName>
            <AmmoFieldName></AmmoFieldName>
            <Flags>
                <VerticalMovementAllowed>1</VerticalMovementAllowed>
                <UnaffectedByTerrain>1</UnaffectedByTerrain>
                <GainKillExperience>0</GainKillExperience>
                <RemainUpright>0</RemainUpright>
                <NonGroupSelection>0</NonGroupSelection>
                <ShowVisibilityRange>0</ShowVisibilityRange>
                <ShowThroughFogOfWar>1</ShowThroughFogOfWar>
                <AlwaysShowVisibility>0</AlwaysShowVisibility>
                <SeeThroughObjects>1</SeeThroughObjects>
                <ActiveLocatorBeacon>0</ActiveLocatorBeacon>
                <AlwaysHighlightUnit>1</AlwaysHighlightUnit>
                <AlwaysSelectable>0</AlwaysSelectable>
                <AlwaysShowDistanceIndicator>0</AlwaysShowDistanceIndicator>
                <AppearAsNoOwnerUnlessVisible>0</AppearAsNoOwnerUnlessVisible>
                <AlwaysAppearAsNoOwner>0</AlwaysAppearAsNoOwner>
                <AlwaysHighlightUnitUnlessNoOwner>0</AlwaysHighlightUnitUnlessNoOwner>
                <HideHealthField>0</HideHealthField>
                <HideEnergyField>0</HideEnergyField>
                <HideArmorField>0</HideArmorField>
                <HideAmmoField>1</HideAmmoField>
                <HideCapacityField>0</HideCapacityField>
            </Flags>
            <Cloaking>
                <Gradar>1</Gradar>
                <Detector>1</Detector>
                <Visible>1</Visible>
            </Cloaking>
            <Sensing>
                <Gradar>1</Gradar>
                <Detector>1</Detector>
                <Visible>1</Visible>
            </Sensing>
            <StoppedActionSteps />
            <ChronoportedActionSteps />
            <ChronoportArrivedActionSteps>
                <Step>
                    <PrimitiveAction>ACCUM_STATISTIC</PrimitiveAction>
                    <Target>SELF</Target>
                    <Type>CPortArrivals</Type>
                    <ValueEval>ONE</ValueEval>
                    <Value>1</Value>
                </Step>
            </ChronoportArrivedActionSteps>
            <Animations>
                <Animation>
                    <Identifier>ACTION_MOVE_SLOW</Identifier>
                    <AnimationNum>0</AnimationNum>
                    <Sound>Sound0</Sound>
                    <AnimationTime>0</AnimationTime>
                    <ShowProgress>0</ShowProgress>
                    <MorphFromActionParameterClass>0</MorphFromActionParameterClass>
                    <LobProjectilePath>0</LobProjectilePath>
                    <RenderModelExplode>0</RenderModelExplode>
                    <Conditions>
                        <Condition>
                            <Resource>U_ACTION</Resource>
                            <Comparison>EQUAL</Comparison>
                            <Value>50</Value>
                        </Condition>
                    </Conditions>
                </Animation>
                <Animation>
                    <Identifier>ACTION_DEATH</Identifier>
                    <AnimationNum>0</AnimationNum>
                    <Sound>Sound0</Sound>
                    <AnimationTime>0</AnimationTime>
                    <ShowProgress>0</ShowProgress>
                    <MorphFromActionParameterClass>0</MorphFromActionParameterClass>
                    <LobProjectilePath>0</LobProjectilePath>
                    <RenderModelExplode>0</RenderModelExplode>
                    <Conditions>
                        <Condition>
                            <Resource>U_ACTION</Resource>
                            <Comparison>EQUAL</Comparison>
                            <Value>40</Value>
                        </Condition>
                    </Conditions>
                </Animation>
                <Animation>
                    <Identifier>ACTION_ROTATE</Identifier>
                    <AnimationNum>0</AnimationNum>
                    <Sound>Sound0</Sound>
                    <AnimationTime>0</AnimationTime>
                    <ShowProgress>0</ShowProgress>
                    <MorphFromActionParameterClass>0</MorphFromActionParameterClass>
                    <LobProjectilePath>0</LobProjectilePath>
                    <RenderModelExplode>0</RenderModelExplode>
                    <Conditions>
                        <Condition>
                            <Resource>U_ACTION</Resource>
                            <Comparison>EQUAL</Comparison>
                            <Value>35</Value>
                        </Condition>
                    </Conditions>
                </Animation>
                <Animation>
                    <Identifier>ACTION_BLOWUP_NOWRECK</Identifier>
                    <AnimationNum>3</AnimationNum>
                    <Sound>Sound71</Sound>
                    <AnimationTime>0</AnimationTime>
                    <ShowProgress>0</ShowProgress>
                    <MorphFromActionParameterClass>0</MorphFromActionParameterClass>
                    <LobProjectilePath>0</LobProjectilePath>
                    <RenderModelExplode>1</RenderModelExplode>
                    <Conditions>
                        <Condition>
                            <Resource>U_ACTION</Resource>
                            <Comparison>EQUAL</Comparison>
                            <Value>24</Value>
                        </Condition>
                    </Conditions>
                </Animation>
                <Animation>
                    <Identifier>ACTION_BLOWUP_ALT</Identifier>
                    <AnimationNum>3</AnimationNum>
                    <Sound>Sound71</Sound>
                    <AnimationTime>0</AnimationTime>
                    <ShowProgress>0</ShowProgress>
                    <MorphFromActionParameterClass>0</MorphFromActionParameterClass>
                    <LobProjectilePath>0</LobProjectilePath>
                    <RenderModelExplode>1</RenderModelExplode>
                    <Conditions>
                        <Condition>
                            <Resource>U_ACTION</Resource>
                            <Comparison>EQUAL</Comparison>
                            <Value>23</Value>
                        </Condition>
                    </Conditions>
                </Animation>
                <Animation>
                    <Identifier>ACTION_BLOWUP_2</Identifier>
                    <AnimationNum>3</AnimationNum>
                    <Sound>Sound18</Sound>
                    <AnimationTime>0</AnimationTime>
                    <ShowProgress>0</ShowProgress>
                    <MorphFromActionParameterClass>0</MorphFromActionParameterClass>
                    <LobProjectilePath>0</LobProjectilePath>
                    <RenderModelExplode>0</RenderModelExplode>
                    <Conditions>
                        <Condition>
                            <Resource>U_ACTION</Resource>
                            <Comparison>EQUAL</Comparison>
                            <Value>21</Value>
                        </Condition>
                    </Conditions>
                </Animation>
                <Animation>
                    <Identifier>ACTION_DESTROY_H</Identifier>
                    <AnimationNum>3</AnimationNum>
                    <Sound>Sound71</Sound>
                    <AnimationTime>0</AnimationTime>
                    <ShowProgress>0</ShowProgress>
                    <MorphFromActionParameterClass>0</MorphFromActionParameterClass>
                    <LobProjectilePath>0</LobProjectilePath>
                    <RenderModelExplode>1</RenderModelExplode>
                    <Conditions>
                        <Condition>
                            <Resource>U_ACTION</Resource>
                            <Comparison>EQUAL</Comparison>
                            <Value>6</Value>
                        </Condition>
                    </Conditions>
                </Animation>
                <Animation>
                    <Identifier>ACTION_DESTROY_A</Identifier>
                    <AnimationNum>3</AnimationNum>
                    <Sound>Sound71</Sound>
                    <AnimationTime>0</AnimationTime>
                    <ShowProgress>0</ShowProgress>
                    <MorphFromActionParameterClass>0</MorphFromActionParameterClass>
                    <LobProjectilePath>0</LobProjectilePath>
                    <RenderModelExplode>1</RenderModelExplode>
                    <Conditions>
                        <Condition>
                            <Resource>U_ACTION</Resource>
                            <Comparison>EQUAL</Comparison>
                            <Value>5</Value>
                        </Condition>
                    </Conditions>
                </Animation>
                <Animation>
                    <Identifier>ACTION_MOVE</Identifier>
                    <AnimationNum>0</AnimationNum>
                    <Sound>Sound0</Sound>
                    <AnimationTime>0</AnimationTime>
                    <ShowProgress>0</ShowProgress>
                    <MorphFromActionParameterClass>0</MorphFromActionParameterClass>
                    <LobProjectilePath>0</LobProjectilePath>
                    <RenderModelExplode>0</RenderModelExplode>
                    <Conditions>
                        <Condition>
                            <Resource>U_ACTION</Resource>
                            <Comparison>EQUAL</Comparison>
                            <Value>2</Value>
                        </Condition>
                    </Conditions>
                </Animation>
                <Animation>
                    <Identifier>ACTION_CREATE</Identifier>
                    <AnimationNum>0</AnimationNum>
                    <Sound>Sound34</Sound>
                    <VertShaderEffect>INV_QUADRATIC_SCALE</VertShaderEffect>
                    <FragShaderEffect>BEIGE_TO_COLOR</FragShaderEffect>
                    <AnimationTime>0</AnimationTime>
                    <ShowProgress>0</ShowProgress>
                    <MorphFromActionParameterClass>0</MorphFromActionParameterClass>
                    <LobProjectilePath>0</LobProjectilePath>
                    <RenderModelExplode>0</RenderModelExplode>
                    <Conditions>
                        <Condition>
                            <Resource>U_ACTION</Resource>
                            <Comparison>EQUAL</Comparison>
                            <Value>0</Value>
                        </Condition>
                    </Conditions>
                </Animation>
                <Animation>
                    <Identifier>idle</Identifier>
                    <AnimationNum>0</AnimationNum>
                    <Sound>Sound0</Sound>
                    <AnimationTime>24</AnimationTime>
                    <ShowProgress>0</ShowProgress>
                    <MorphFromActionParameterClass>0</MorphFromActionParameterClass>
                    <LobProjectilePath>0</LobProjectilePath>
                    <RenderModelExplode>0</RenderModelExplode>
                    <Conditions />
                </Animation>
            </Animations>
            <Actions>
                <Action>
                    <ActionNumber>0</ActionNumber>
                    <Identifier>ACTION_CREATE</Identifier>
                    <TimeTaken>27</TimeTaken>
                    <ForceObjectAction>0</ForceObjectAction>
                    <InterruptCurrentAction>0</InterruptCurrentAction>
                    <MutexAction>1</MutexAction>
                    <FailOnInvalidTarget>0</FailOnInvalidTarget>
                    <PreserveParameter>0</PreserveParameter>
                    <AIScriptCanRun>0</AIScriptCanRun>
                    <SetParamZeroTicks>0</SetParamZeroTicks>
                    <AllowActionWhenStopped>0</AllowActionWhenStopped>
                    <Conditions />
                    <Steps>
                        <Step>
                            <PrimitiveAction>ACCUM_STATISTIC</PrimitiveAction>
                            <Target>SELF</Target>
                            <Type>UnitsCreated</Type>
                            <ValueEval>ONE</ValueEval>
                            <Value>1</Value>
                        </Step>
                    </Steps>
                </Action>
                <Action>
                    <ActionNumber>1</ActionNumber>
                    <Identifier>ACTION_CLEAR_FREEZE</Identifier>
                    <TimeTaken>1</TimeTaken>
                    <ForceObjectAction>1</ForceObjectAction>
                    <InterruptCurrentAction>1</InterruptCurrentAction>
                    <MutexAction>1</MutexAction>
                    <FailOnInvalidTarget>0</FailOnInvalidTarget>
                    <PreserveParameter>0</PreserveParameter>
                    <AIScriptCanRun>0</AIScriptCanRun>
                    <SetParamZeroTicks>0</SetParamZeroTicks>
                    <AllowActionWhenStopped>0</AllowActionWhenStopped>
                    <Conditions>
                        <Condition>
                            <Resource>U_STATUS</Resource>
                            <Comparison>BITMASK</Comparison>
                            <Value>8</Value>
                        </Condition>
                    </Conditions>
                    <Steps>
                        <Step>
                            <PrimitiveAction>CLEAR_STATUS</PrimitiveAction>
                            <Target>SELF</Target>
                            <Type>STATUS_STOP</Type>
                        </Step>
                    </Steps>
                </Action>
                <Action>
                    <ActionNumber>2</ActionNumber>
                    <Identifier>ACTION_MOVE</Identifier>
                    <TimeTaken>6</TimeTaken>
                    <ForceObjectAction>0</ForceObjectAction>
                    <InterruptCurrentAction>0</InterruptCurrentAction>
                    <MutexAction>0</MutexAction>
                    <FailOnInvalidTarget>0</FailOnInvalidTarget>
                    <PreserveParameter>0</PreserveParameter>
                    <AIScriptCanRun>0</AIScriptCanRun>
                    <SetParamZeroTicks>0</SetParamZeroTicks>
                    <AllowActionWhenStopped>0</AllowActionWhenStopped>
                    <Conditions />
                    <Steps>
                        <Step>
                            <PrimitiveAction>MOVE</PrimitiveAction>
                            <Target>SELF</Target>
                            <Value>1</Value>
                        </Step>
                    </Steps>
                </Action>
                <Action>
                    <ActionNumber>3</ActionNumber>
                    <Identifier>ACTION_ATTACK</Identifier>
                    <TimeTaken>1</TimeTaken>
                    <ForceObjectAction>0</ForceObjectAction>
                    <InterruptCurrentAction>0</InterruptCurrentAction>
                    <MutexAction>1</MutexAction>
                    <FailOnInvalidTarget>0</FailOnInvalidTarget>
                    <PreserveParameter>1</PreserveParameter>
                    <AIScriptCanRun>0</AIScriptCanRun>
                    <SetParamZeroTicks>0</SetParamZeroTicks>
                    <AllowActionWhenStopped>0</AllowActionWhenStopped>
                    <Conditions />
                    <Steps>
                        <Step>
                            <PrimitiveAction>ATTACK</PrimitiveAction>
                            <Target>TARGET_UNIT</Target>
                            <ValueEval>ONE</ValueEval>
                            <Value>0</Value>
                            <ActionStepModifier>Large Suicide</ActionStepModifier>
                        </Step>
                        <Step>
                            <PrimitiveAction>CONSUME_RESOURCE</PrimitiveAction>
                            <Target>SELF</Target>
                            <Type>U_HP</Type>
                            <ValueEval>SET_TO_VALUE</ValueEval>
                            <Value>0</Value>
                        </Step>
                    </Steps>
                </Action>
                <Action>
                    <ActionNumber>4</ActionNumber>
                    <Identifier>ACTION_ATTACK_W1</Identifier>
                    <TimeTaken>1</TimeTaken>
                    <ForceObjectAction>0</ForceObjectAction>
                    <InterruptCurrentAction>0</InterruptCurrentAction>
                    <MutexAction>1</MutexAction>
                    <FailOnInvalidTarget>0</FailOnInvalidTarget>
                    <PreserveParameter>1</PreserveParameter>
                    <AIScriptCanRun>0</AIScriptCanRun>
                    <SetParamZeroTicks>0</SetParamZeroTicks>
                    <AllowActionWhenStopped>0</AllowActionWhenStopped>
                    <Conditions />
                    <Steps>
                        <Step>
                            <PrimitiveAction>ATTACK</PrimitiveAction>
                            <Target>TARGET_UNIT</Target>
                            <ValueEval>ONE</ValueEval>
                            <Value>0</Value>
                            <ActionStepModifier>Large Suicide</ActionStepModifier>
                        </Step>
                        <Step>
                            <PrimitiveAction>CONSUME_RESOURCE</PrimitiveAction>
                            <Target>SELF</Target>
                            <Type>U_HP</Type>
                            <ValueEval>SET_TO_VALUE</ValueEval>
                            <Value>0</Value>
                        </Step>
                    </Steps>
                </Action>
                <Action>
                    <ActionNumber>5</ActionNumber>
                    <Identifier>ACTION_DESTROY_A</Identifier>
                    <TimeTaken>20</TimeTaken>
                    <ForceObjectAction>1</ForceObjectAction>
                    <InterruptCurrentAction>1</InterruptCurrentAction>
                    <MutexAction>1</MutexAction>
                    <FailOnInvalidTarget>0</FailOnInvalidTarget>
                    <PreserveParameter>0</PreserveParameter>
                    <AIScriptCanRun>0</AIScriptCanRun>
                    <SetParamZeroTicks>0</SetParamZeroTicks>
                    <AllowActionWhenStopped>0</AllowActionWhenStopped>
                    <Conditions>
                        <Condition>
                            <Resource>U_AMMO</Resource>
                            <Comparison>EQUAL</Comparison>
                            <Value>6</Value>
                        </Condition>
                    </Conditions>
                    <Steps>
                        <Step>
                            <PrimitiveAction>DIE</PrimitiveAction>
                            <Target>SELF</Target>
                        </Step>
                    </Steps>
                </Action>
                <Action>
                    <ActionNumber>6</ActionNumber>
                    <Identifier>ACTION_DESTROY_H</Identifier>
                    <TimeTaken>20</TimeTaken>
                    <ForceObjectAction>1</ForceObjectAction>
                    <InterruptCurrentAction>1</InterruptCurrentAction>
                    <MutexAction>1</MutexAction>
                    <FailOnInvalidTarget>0</FailOnInvalidTarget>
                    <PreserveParameter>0</PreserveParameter>
                    <AIScriptCanRun>0</AIScriptCanRun>
                    <SetParamZeroTicks>0</SetParamZeroTicks>
                    <AllowActionWhenStopped>0</AllowActionWhenStopped>
                    <Conditions>
                        <Condition>
                            <Resource>U_HP</Resource>
                            <Comparison>EQUAL</Comparison>
                            <Value>0</Value>
                        </Condition>
                        <Condition>
                            <Resource>U_AMMO</Resource>
                            <Comparison>GEQUAL</Comparison>
                            <Value>3</Value>
                        </Condition>
                    </Conditions>
                    <Steps>
                        <Step>
                            <PrimitiveAction>DIE</PrimitiveAction>
                            <Target>SELF</Target>
                        </Step>
                    </Steps>
                </Action>
                <Action>
                    <ActionNumber>20</ActionNumber>
                    <Identifier>ACTION_BLOWUP_1</Identifier>
                    <TimeTaken>0</TimeTaken>
                    <ForceObjectAction>1</ForceObjectAction>
                    <InterruptCurrentAction>1</InterruptCurrentAction>
                    <MutexAction>0</MutexAction>
                    <FailOnInvalidTarget>0</FailOnInvalidTarget>
                    <PreserveParameter>0</PreserveParameter>
                    <AIScriptCanRun>0</AIScriptCanRun>
                    <SetParamZeroTicks>0</SetParamZeroTicks>
                    <AllowActionWhenStopped>0</AllowActionWhenStopped>
                    <Conditions>
                        <Condition>
                            <Resource>U_AMMO</Resource>
                            <Comparison>EQUAL</Comparison>
                            <Value>0</Value>
                        </Condition>
                        <Condition>
                            <Resource>U_OWNER</Resource>
                            <Comparison>LESS</Comparison>
                            <Value>15</Value>
                        </Condition>
                    </Conditions>
                    <Steps>
                        <Step>
                            <PrimitiveAction>SET_STATUS</PrimitiveAction>
                            <Target>SELF</Target>
                            <Type>STATUS_CLOAKED</Type>
                        </Step>
                        <Step>
                            <PrimitiveAction>CONSUME_RESOURCE</PrimitiveAction>
                            <Target>SELF</Target>
                            <Type>U_OWNER</Type>
                            <ValueEval>SET_TO_VALUE</ValueEval>
                            <Value>14</Value>
                        </Step>
                        <Step>
                            <PrimitiveAction>CONSUME_RESOURCE</PrimitiveAction>
                            <Target>SELF</Target>
                            <Type>U_OBJECTIVE</Type>
                            <ValueEval>SET_TO_VALUE</ValueEval>
                            <Value>0</Value>
                        </Step>
                        <Step>
                            <PrimitiveAction>CONSUME_RESOURCE</PrimitiveAction>
                            <Target>SELF</Target>
                            <Type>U_AMMO</Type>
                            <ValueEval>ONE</ValueEval>
                            <Value>-1</Value>
                        </Step>
                        <Step>
                            <PrimitiveAction>CONSUME_RESOURCE</PrimitiveAction>
                            <Target>SELF</Target>
                            <Type>U_AMMO</Type>
														<Probability>0.2</Probability>
                            <ValueEval>ONE</ValueEval>
                            <Value>-249</Value>
                        </Step>
                    </Steps>
                </Action>
                <Action>
                    <ActionNumber>21</ActionNumber>
                    <Identifier>ACTION_BLOWUP_2</Identifier>
                    <TimeTaken>27</TimeTaken>
                    <ForceObjectAction>1</ForceObjectAction>
                    <InterruptCurrentAction>0</InterruptCurrentAction>
                    <MutexAction>1</MutexAction>
                    <FailOnInvalidTarget>0</FailOnInvalidTarget>
                    <PreserveParameter>0</PreserveParameter>
                    <AIScriptCanRun>0</AIScriptCanRun>
                    <SetParamZeroTicks>0</SetParamZeroTicks>
                    <AllowActionWhenStopped>0</AllowActionWhenStopped>
                    <Conditions>
                        <Condition>
                            <Resource>U_AMMO</Resource>
                            <Comparison>EQUAL</Comparison>
                            <Value>1</Value>
                        </Condition>
                    </Conditions>
                    <Steps>
                        <Step>
                            <PrimitiveAction>CONSUME_RESOURCE</PrimitiveAction>
                            <Target>SELF</Target>
                            <Type>U_HP</Type>
                            <ValueEval>ONE</ValueEval>
                            <Value>-90</Value>
                        </Step>
                        <Step>
                            <PrimitiveAction>CONSUME_RESOURCE</PrimitiveAction>
                            <Target>SELF</Target>
                            <Type>U_AMMO</Type>
                            <ValueEval>ONE</ValueEval>
                            <Value>-1</Value>
                        </Step>
                    </Steps>
                </Action>
                <Action>
                    <ActionNumber>22</ActionNumber>
                    <Identifier>ACTION_BLOWUP_3</Identifier>
                    <TimeTaken>1</TimeTaken>
                    <ForceObjectAction>1</ForceObjectAction>
                    <InterruptCurrentAction>0</InterruptCurrentAction>
                    <MutexAction>1</MutexAction>
                    <FailOnInvalidTarget>0</FailOnInvalidTarget>
                    <PreserveParameter>0</PreserveParameter>
                    <AIScriptCanRun>0</AIScriptCanRun>
                    <SetParamZeroTicks>0</SetParamZeroTicks>
                    <AllowActionWhenStopped>0</AllowActionWhenStopped>
                    <Conditions>
                        <Condition>
                            <Resource>U_AMMO</Resource>
                            <Comparison>EQUAL</Comparison>
                            <Value>2</Value>
                        </Condition>
                    </Conditions>
                    <Steps>
                        <Step>
                            <PrimitiveAction>CLEAR_STATUS</PrimitiveAction>
                            <Target>SELF</Target>
                            <Type>STATUS_CLOAKED</Type>
                        </Step>
                        <Step>
                            <PrimitiveAction>CONSUME_RESOURCE</PrimitiveAction>
                            <Target>SELF</Target>
                            <Type>U_AMMO</Type>
                            <ValueEval>ONE</ValueEval>
                            <Value>-1</Value>
                        </Step>
                    </Steps>
                </Action>
                <Action>
                    <ActionNumber>23</ActionNumber>
                    <Identifier>ACTION_BLOWUP_ALT</Identifier>
                    <TimeTaken>27</TimeTaken>
                    <ForceObjectAction>1</ForceObjectAction>
                    <InterruptCurrentAction>0</InterruptCurrentAction>
                    <MutexAction>1</MutexAction>
                    <FailOnInvalidTarget>0</FailOnInvalidTarget>
                    <PreserveParameter>0</PreserveParameter>
                    <AIScriptCanRun>0</AIScriptCanRun>
                    <SetParamZeroTicks>0</SetParamZeroTicks>
                    <AllowActionWhenStopped>0</AllowActionWhenStopped>
                    <Conditions>
                        <Condition>
                            <Resource>U_AMMO</Resource>
                            <Comparison>EQUAL</Comparison>
                            <Value>0</Value>
                        </Condition>
                    </Conditions>
                    <Steps>
                        <Step>
                            <PrimitiveAction>CONSUME_RESOURCE</PrimitiveAction>
                            <Target>SELF</Target>
                            <Type>U_AMMO</Type>
                            <ValueEval>SET_TO_VALUE</ValueEval>
                            <Value>9</Value>
                        </Step>
                        <Step>
                            <PrimitiveAction>DIE</PrimitiveAction>
                            <Target>SELF</Target>
                        </Step>
                    </Steps>
                </Action>
                <Action>
                    <ActionNumber>24</ActionNumber>
                    <Identifier>ACTION_BLOWUP_NOWRECK</Identifier>
                    <TimeTaken>27</TimeTaken>
                    <ForceObjectAction>1</ForceObjectAction>
                    <InterruptCurrentAction>0</InterruptCurrentAction>
                    <MutexAction>1</MutexAction>
                    <FailOnInvalidTarget>0</FailOnInvalidTarget>
                    <PreserveParameter>0</PreserveParameter>
                    <AIScriptCanRun>0</AIScriptCanRun>
                    <SetParamZeroTicks>0</SetParamZeroTicks>
                    <AllowActionWhenStopped>0</AllowActionWhenStopped>
                    <Conditions>
                        <Condition>
                            <Resource>U_AMMO</Resource>
                            <Comparison>EQUAL</Comparison>
                            <Value>250</Value>
                        </Condition>
                    </Conditions>
                    <Steps>
                        <Step>
                            <PrimitiveAction>DIE</PrimitiveAction>
                            <Target>SELF</Target>
                        </Step>
                    </Steps>
                </Action>
                <Action>
                    <ActionNumber>35</ActionNumber>
                    <Identifier>ACTION_ROTATE</Identifier>
                    <TimeTaken>1</TimeTaken>
                    <ForceObjectAction>0</ForceObjectAction>
                    <InterruptCurrentAction>0</InterruptCurrentAction>
                    <MutexAction>0</MutexAction>
                    <FailOnInvalidTarget>0</FailOnInvalidTarget>
                    <PreserveParameter>0</PreserveParameter>
                    <AIScriptCanRun>0</AIScriptCanRun>
                    <SetParamZeroTicks>0</SetParamZeroTicks>
                    <AllowActionWhenStopped>0</AllowActionWhenStopped>
                    <Conditions />
                    <Steps>
                        <Step>
                            <PrimitiveAction>ROTATE</PrimitiveAction>
                            <Target>SELF</Target>
                        </Step>
                    </Steps>
                </Action>
                <Action>
                    <ActionNumber>36</ActionNumber>
                    <Identifier>ACTION_Decay</Identifier>
                    <TimeTaken>0</TimeTaken>
                    <ForceObjectAction>1</ForceObjectAction>
                    <InterruptCurrentAction>1</InterruptCurrentAction>
                    <MutexAction>0</MutexAction>
                    <FailOnInvalidTarget>0</FailOnInvalidTarget>
                    <PreserveParameter>0</PreserveParameter>
                    <AIScriptCanRun>0</AIScriptCanRun>
                    <SetParamZeroTicks>0</SetParamZeroTicks>
                    <AllowActionWhenStopped>0</AllowActionWhenStopped>
                    <Conditions>
                        <Condition>
                            <Resource>U_AGE</Resource>
                            <Comparison>MODULO_IS_ZERO</Comparison>
                            <Value>36</Value>
                        </Condition>
                        <Condition>
                            <Resource>U_AMMO</Resource>
                            <Comparison>GEQUAL</Comparison>
                            <Value>3</Value>
                        </Condition>
                        <Condition>
                            <Resource>U_AMMO</Resource>
                            <Comparison>LESS</Comparison>
                            <Value>6</Value>
                        </Condition>
                    </Conditions>
                    <Steps>
                        <Step>
                            <PrimitiveAction>CONSUME_RESOURCE</PrimitiveAction>
                            <Target>SELF</Target>
                            <Type>U_AMMO</Type>
                            <ValueEval>ONE</ValueEval>
                            <Value>-1</Value>
                        </Step>
                    </Steps>
                </Action>
                <Action>
                    <ActionNumber>40</ActionNumber>
                    <Identifier>ACTION_DEATH</Identifier>
                    <TimeTaken>2</TimeTaken>
                    <ForceObjectAction>0</ForceObjectAction>
                    <InterruptCurrentAction>0</InterruptCurrentAction>
                    <MutexAction>0</MutexAction>
                    <FailOnInvalidTarget>0</FailOnInvalidTarget>
                    <PreserveParameter>0</PreserveParameter>
                    <AIScriptCanRun>0</AIScriptCanRun>
                    <SetParamZeroTicks>0</SetParamZeroTicks>
                    <AllowActionWhenStopped>0</AllowActionWhenStopped>
                    <Conditions />
                    <Steps />
                </Action>
                <Action>
                    <ActionNumber>50</ActionNumber>
                    <Identifier>ACTION_MOVE_SLOW</Identifier>
                    <TimeTaken>6</TimeTaken>
                    <ForceObjectAction>0</ForceObjectAction>
                    <InterruptCurrentAction>0</InterruptCurrentAction>
                    <MutexAction>0</MutexAction>
                    <FailOnInvalidTarget>0</FailOnInvalidTarget>
                    <PreserveParameter>0</PreserveParameter>
                    <AIScriptCanRun>0</AIScriptCanRun>
                    <SetParamZeroTicks>0</SetParamZeroTicks>
                    <AllowActionWhenStopped>0</AllowActionWhenStopped>
                    <Conditions />
                    <Steps>
                        <Step>
                            <PrimitiveAction>MOVE</PrimitiveAction>
                            <Target>SELF</Target>
                            <Value>0</Value>
                        </Step>
                    </Steps>
                </Action>
            </Actions>
            <Objectives>
                <Objective>
                    <ObjectiveNumber>0</ObjectiveNumber>
                    <Script>Script310</Script>
                    <Name></Name>
                    <Details></Details>
                </Objective>
                <Objective>
                    <ObjectiveNumber>1</ObjectiveNumber>
                    <Script>Script21</Script>
                    <Name>Move</Name>
                    <Details> \Move to specified location</Details>
                    <ObjectiveControlShortcutNumber>4</ObjectiveControlShortcutNumber>
                </Objective>
                <Objective>
                    <ObjectiveNumber>2</ObjectiveNumber>
                    <Script>Script196</Script>
                    <Name>Attack</Name>
                    <Details> \Attack specified target or \enemies encountered en route \to specified location</Details>
                    <ObjectiveControlShortcutNumber>0</ObjectiveControlShortcutNumber>
                    <ParameterType>POSITION</ParameterType>
                </Objective>
                <Objective>
                    <ObjectiveNumber>3</ObjectiveNumber>
                    <Script>Script198</Script>
                    <Name>Patrol</Name>
                    <Details>Hold CTRL and select up to 5 points to\continuously patrol around\Target one of your own units to HOLD\current position or select a single\location to HOLD that position</Details>
                    <ObjectiveControlShortcutNumber>2</ObjectiveControlShortcutNumber>
                </Objective>
                <Objective>
                    <ObjectiveNumber>4</ObjectiveNumber>
                    <Script>Script193</Script>
                    <Name>Attack Unit</Name>
                    <Details></Details>
                    <ObjectiveControlShortcutNumber>0</ObjectiveControlShortcutNumber>
                    <ParameterType>UNIT</ParameterType>
                </Objective>
                <Objective>
                    <ObjectiveNumber>5</ObjectiveNumber>
                    <Script>Script22</Script>
                    <Name>Moving</Name>
                    <Details></Details>
                    <ObjectiveControlShortcutNumber>4</ObjectiveControlShortcutNumber>
                </Objective>
                <Objective>
                    <ObjectiveNumber>6</ObjectiveNumber>
                    <Script>Script194</Script>
                    <Name>Attacking</Name>
                    <Details></Details>
                    <ObjectiveControlShortcutNumber>0</ObjectiveControlShortcutNumber>
                    <ParameterType>POSITION</ParameterType>
                </Objective>
                <Objective>
                    <ObjectiveNumber>7</ObjectiveNumber>
                    <Script>Script199</Script>
                    <Name>Patrolling</Name>
                    <Details></Details>
                    <ObjectiveControlShortcutNumber>2</ObjectiveControlShortcutNumber>
                </Objective>
                <Objective>
                    <ObjectiveNumber>8</ObjectiveNumber>
                    <Script>Script202</Script>
                    <Name>Change Commander</Name>
                    <Details>Set an Arcticus as commander or set\target&apos;s Arcticus as own commander</Details>
                    <ObjectiveControlShortcutNumber>8</ObjectiveControlShortcutNumber>
                </Objective>
                <Objective>
                    <ObjectiveNumber>9</ObjectiveNumber>
                    <Script>Script204</Script>
                    <Name>Remove from Heirarchy</Name>
                    <Details>Remove from command hierarchy\ \Disconnect from commander</Details>
                </Objective>
                <Objective>
                    <ObjectiveNumber>10</ObjectiveNumber>
                    <Script>Script214</Script>
                    <Name>Lead group</Name>
                    <Details> \Take lead of everyone that\reports to this unit&apos;s Arcticus</Details>
                </Objective>
                <Objective>
                    <ObjectiveNumber>16</ObjectiveNumber>
                    <Script>Script197</Script>
                    <Name>Stop</Name>
                    <Details> \Interrupt current objective\and return to idling</Details>
                </Objective>
                <Objective>
                    <ObjectiveNumber>33</ObjectiveNumber>
                    <Script>Script20</Script>
                    <Name>Awaiting Air-Lift</Name>
                    <Details></Details>
                </Objective>
                <Objective>
                    <ObjectiveNumber>34</ObjectiveNumber>
                    <Script>Script203</Script>
                    <Name>Carry/Commander</Name>
                    <Details></Details>
                </Objective>
                <Objective>
                    <ObjectiveNumber>49</ObjectiveNumber>
                    <Script>Script213</Script>
                    <Name>Move Away</Name>
                    <Details></Details>
                </Objective>
                <Objective>
                    <ObjectiveNumber>54</ObjectiveNumber>
                    <Script>Script195</Script>
                    <Name>Attacking Unit</Name>
                    <Details></Details>
                    <ObjectiveControlShortcutNumber>0</ObjectiveControlShortcutNumber>
                    <ParameterType>UNIT</ParameterType>
                </Objective>
            </Objectives>
            <ControlShortcuts />
				</ObjectClass>
