        <ActionStepModifier>
            <Name>Dense AM Shells</Name>
            <StrengthBase>55</StrengthBase>
            <StrengthRange>0</StrengthRange>
            <StrengthCount>0</StrengthCount>
            <Flags>
                <Permeating>0</Permeating>
                <LimitDistance>1</LimitDistance>
                <SetLastAttackedDirection>1</SetLastAttackedDirection>
                <ContinueActionOnStepFailure>0</ContinueActionOnStepFailure>
            </Flags>
            <AccuracyMultiplier>1</AccuracyMultiplier>
            <EffectTimeout>0</EffectTimeout>
            <MinEffectRadius>0</MinEffectRadius>
            <EffectRadius>21</EffectRadius>
            <EffectHeight>30</EffectHeight>
            <MaxEffectAngle>50</MaxEffectAngle>
            <EffectSplashHeight>3</EffectSplashHeight>
            <EffectSplashRadius>2</EffectSplashRadius>
            <EffectSplashEffectiveRadius>3</EffectSplashEffectiveRadius>
            <SelfStatistic>DamageDealt</SelfStatistic>
            <TargetStatistic>DamageReceived</TargetStatistic>
        </ActionStepModifier>
        <ActionStepModifier>
            <Name>Frigate AM Pulse AA</Name>
            <StrengthBase>5</StrengthBase>
            <StrengthRange>0</StrengthRange>
            <StrengthCount>0</StrengthCount>
            <Flags>
                <Permeating>0</Permeating>
                <LimitDistance>1</LimitDistance>
                <SetLastAttackedDirection>1</SetLastAttackedDirection>
                <ContinueActionOnStepFailure>0</ContinueActionOnStepFailure>
            </Flags>
            <AccuracyMultiplier>1</AccuracyMultiplier>
            <EffectTimeout>0</EffectTimeout>
            <MinEffectRadius>0</MinEffectRadius>
            <EffectRadius>21</EffectRadius>
            <EffectHeight>30</EffectHeight>
            <MaxEffectAngle>50</MaxEffectAngle>
            <EffectSplashHeight>3</EffectSplashHeight>
            <EffectSplashRadius>2</EffectSplashRadius>
            <EffectSplashEffectiveRadius>3</EffectSplashEffectiveRadius>
            <SelfStatistic>DamageDealt</SelfStatistic>
            <TargetStatistic>DamageReceived</TargetStatistic>
        </ActionStepModifier>
        <ActionStepModifier>
            <Name>Frigate AM Pulse AG</Name>
            <StrengthBase>4</StrengthBase>
            <StrengthRange>0</StrengthRange>
            <StrengthCount>0</StrengthCount>
            <Flags>
                <Permeating>0</Permeating>
                <LimitDistance>1</LimitDistance>
                <SetLastAttackedDirection>1</SetLastAttackedDirection>
                <ContinueActionOnStepFailure>0</ContinueActionOnStepFailure>
            </Flags>
            <AccuracyMultiplier>1</AccuracyMultiplier>
            <EffectTimeout>0</EffectTimeout>
            <MinEffectRadius>0</MinEffectRadius>
            <EffectRadius>13</EffectRadius>
            <EffectHeight>30</EffectHeight>
            <MaxEffectAngle>50</MaxEffectAngle>
            <EffectSplashHeight>3</EffectSplashHeight>
            <EffectSplashRadius>2</EffectSplashRadius>
            <EffectSplashEffectiveRadius>3</EffectSplashEffectiveRadius>
            <SelfStatistic>DamageDealt</SelfStatistic>
            <TargetStatistic>DamageReceived</TargetStatistic>
        </ActionStepModifier>

        <ObjectClass>
            <ClassNumber>205</ClassNumber>
            <Name>Saber Intercepter-Frigate</Name>
            <Description>SABER INTERCEPTER-FRIGATE:&#x0D;&#x0A;Air superiority strike-fighter&#x0D;&#x0A;Clears negative status effects&#x0D;&#x0A;[ Weapons Avg Damage/5secs ]&#x0D;&#x0A;   VS Ground: 35&#x0D;&#x0A;   VS Air: 103</Description>
            <Model>./humans/frigate.mdl</Model>
            <Rank>234</Rank>
            <Type>1</Type>
            <PrioritySelectionRank>0</PrioritySelectionRank>
            <MaxHealth>100</MaxHealth>
            <MaxEnergy>60</MaxEnergy>
            <MaxArmor>0</MaxArmor>
            <MaxAmmo>2</MaxAmmo>
            <SightRadius>26</SightRadius>
            <ForwardMinSightRadius>0</ForwardMinSightRadius>
            <ReverseMaxSightRadius>0</ReverseMaxSightRadius>
            <ReverseMinSightRadius>0</ReverseMinSightRadius>
            <ForwardSightAngleOfView>360</ForwardSightAngleOfView>
            <SightHeight>32</SightHeight>
            <DistanceIndicatorRadius>0</DistanceIndicatorRadius>
            <AgilityMultiplier>0.8</AgilityMultiplier>
            <CarryingCapacity>0</CarryingCapacity>
            <MaxTerrainAngle>30</MaxTerrainAngle>
            <TicksToTurn45Degrees>2</TicksToTurn45Degrees>
            <HealthFieldName>Shielding</HealthFieldName>
            <EnergyFieldName></EnergyFieldName>
            <AmmoFieldName></AmmoFieldName>
            <Flags>
                <VerticalMovementAllowed>1</VerticalMovementAllowed>
                <UnaffectedByTerrain>1</UnaffectedByTerrain>
                <GainKillExperience>0</GainKillExperience>
                <RemainUpright>1</RemainUpright>
                <NonGroupSelection>0</NonGroupSelection>
                <ShowVisibilityRange>0</ShowVisibilityRange>
                <ShowThroughFogOfWar>0</ShowThroughFogOfWar>
                <AlwaysShowVisibility>0</AlwaysShowVisibility>
                <SeeThroughObjects>1</SeeThroughObjects>
                <ActiveLocatorBeacon>0</ActiveLocatorBeacon>
                <AlwaysHighlightUnit>0</AlwaysHighlightUnit>
                <AlwaysSelectable>0</AlwaysSelectable>
                <AlwaysShowDistanceIndicator>0</AlwaysShowDistanceIndicator>
                <AppearAsNoOwnerUnlessVisible>0</AppearAsNoOwnerUnlessVisible>
                <AlwaysAppearAsNoOwner>0</AlwaysAppearAsNoOwner>
                <AlwaysHighlightUnitUnlessNoOwner>0</AlwaysHighlightUnitUnlessNoOwner>
                <HideHealthField>0</HideHealthField>
                <HideEnergyField>0</HideEnergyField>
                <HideArmorField>0</HideArmorField>
                <HideAmmoField>1</HideAmmoField>
                <HideCapacityField>0</HideCapacityField>
            </Flags>
            <Cloaking>
                <Gradar>0</Gradar>
                <Detector>0</Detector>
                <Visible>0</Visible>
            </Cloaking>
            <Sensing>
                <Gradar>0</Gradar>
                <Detector>0</Detector>
                <Visible>1</Visible>
            </Sensing>
            <StoppedActionSteps />
            <ChronoportedActionSteps>
                <Step>
                    <PrimitiveAction>CONSUME_RESOURCE</PrimitiveAction>
                    <Target>SELF</Target>
                    <Type>U_OBJECTIVE</Type>
                    <ValueEval>SET_TO_VALUE</ValueEval>
                    <Value>49</Value>
                </Step>
            </ChronoportedActionSteps>
            <ChronoportArrivedActionSteps>
                <Step>
                    <PrimitiveAction>ACCUM_STATISTIC</PrimitiveAction>
                    <Target>SELF</Target>
                    <Type>CPortArrivals</Type>
                    <ValueEval>ONE</ValueEval>
                    <Value>1</Value>
                </Step>
            </ChronoportArrivedActionSteps>
            <Animations>
                <Animation>
                    <Identifier>ACTION_FINISH_CPORT2</Identifier>
                    <AnimationNum>0</AnimationNum>
                    <Sound>Sound0</Sound>
                    <AnimationTime>0</AnimationTime>
                    <ShowProgress>0</ShowProgress>
                    <MorphFromActionParameterClass>0</MorphFromActionParameterClass>
                    <LobProjectilePath>0</LobProjectilePath>
                    <RenderModelExplode>0</RenderModelExplode>
                    <Conditions>
                        <Condition>
                            <Resource>U_ACTION</Resource>
                            <Comparison>EQUAL</Comparison>
                            <Value>53</Value>
                        </Condition>
                    </Conditions>
                </Animation>
                <Animation>
                    <Identifier>ACTION_FINISH_CPORT1</Identifier>
                    <AnimationNum>0</AnimationNum>
                    <Sound>Sound0</Sound>
                    <AnimationTime>0</AnimationTime>
                    <ShowProgress>0</ShowProgress>
                    <MorphFromActionParameterClass>0</MorphFromActionParameterClass>
                    <LobProjectilePath>0</LobProjectilePath>
                    <RenderModelExplode>0</RenderModelExplode>
                    <Conditions>
                        <Condition>
                            <Resource>U_ACTION</Resource>
                            <Comparison>EQUAL</Comparison>
                            <Value>52</Value>
                        </Condition>
                    </Conditions>
                </Animation>
                <Animation>
                    <Identifier>ACTION_MOVE_SLOW</Identifier>
                    <AnimationNum>0</AnimationNum>
                    <Sound>Sound0</Sound>
                    <AnimationTime>0</AnimationTime>
                    <ShowProgress>0</ShowProgress>
                    <MorphFromActionParameterClass>0</MorphFromActionParameterClass>
                    <LobProjectilePath>0</LobProjectilePath>
                    <RenderModelExplode>0</RenderModelExplode>
                    <Conditions>
                        <Condition>
                            <Resource>U_ACTION</Resource>
                            <Comparison>EQUAL</Comparison>
                            <Value>50</Value>
                        </Condition>
                    </Conditions>
                </Animation>
                <Animation>
                    <Identifier>ACTION_CHRONOPORT</Identifier>
                    <AnimationNum>0</AnimationNum>
                    <Sound>Sound0</Sound>
                    <AnimationTime>0</AnimationTime>
                    <ShowProgress>0</ShowProgress>
                    <MorphFromActionParameterClass>0</MorphFromActionParameterClass>
                    <LobProjectilePath>0</LobProjectilePath>
                    <RenderModelExplode>0</RenderModelExplode>
                    <Conditions>
                        <Condition>
                            <Resource>U_ACTION</Resource>
                            <Comparison>EQUAL</Comparison>
                            <Value>37</Value>
                        </Condition>
                    </Conditions>
                </Animation>
                <Animation>
                    <Identifier>ACTION_ROTATE</Identifier>
                    <AnimationNum>0</AnimationNum>
                    <Sound>Sound0</Sound>
                    <AnimationTime>0</AnimationTime>
                    <ShowProgress>0</ShowProgress>
                    <MorphFromActionParameterClass>0</MorphFromActionParameterClass>
                    <LobProjectilePath>0</LobProjectilePath>
                    <RenderModelExplode>0</RenderModelExplode>
                    <Conditions>
                        <Condition>
                            <Resource>U_ACTION</Resource>
                            <Comparison>EQUAL</Comparison>
                            <Value>35</Value>
                        </Condition>
                    </Conditions>
                </Animation>
                <Animation>
                    <Identifier>ACTION_ERROR_CP</Identifier>
                    <AnimationNum>0</AnimationNum>
                    <Sound>Sound4</Sound>
                    <AnimationTime>0</AnimationTime>
                    <ShowProgress>0</ShowProgress>
                    <MorphFromActionParameterClass>0</MorphFromActionParameterClass>
                    <LobProjectilePath>0</LobProjectilePath>
                    <RenderModelExplode>0</RenderModelExplode>
                    <Conditions>
                        <Condition>
                            <Resource>U_ACTION</Resource>
                            <Comparison>EQUAL</Comparison>
                            <Value>33</Value>
                        </Condition>
                    </Conditions>
                </Animation>
                <Animation>
                    <Identifier>ACTION_ERROR2</Identifier>
                    <AnimationNum>0</AnimationNum>
                    <Sound>Sound2</Sound>
                    <AnimationTime>0</AnimationTime>
                    <ShowProgress>0</ShowProgress>
                    <MorphFromActionParameterClass>0</MorphFromActionParameterClass>
                    <LobProjectilePath>0</LobProjectilePath>
                    <RenderModelExplode>0</RenderModelExplode>
                    <Conditions>
                        <Condition>
                            <Resource>U_ACTION</Resource>
                            <Comparison>EQUAL</Comparison>
                            <Value>31</Value>
                        </Condition>
                    </Conditions>
                </Animation>
                <Animation>
                    <Identifier>ACTION_ERROR1</Identifier>
                    <AnimationNum>0</AnimationNum>
                    <Sound>Sound1</Sound>
                    <AnimationTime>0</AnimationTime>
                    <ShowProgress>0</ShowProgress>
                    <MorphFromActionParameterClass>0</MorphFromActionParameterClass>
                    <LobProjectilePath>0</LobProjectilePath>
                    <RenderModelExplode>0</RenderModelExplode>
                    <Conditions>
                        <Condition>
                            <Resource>U_ACTION</Resource>
                            <Comparison>EQUAL</Comparison>
                            <Value>30</Value>
                        </Condition>
                    </Conditions>
                </Animation>
                <Animation>
                    <Identifier>ACTION_Attack_w1_AMMO</Identifier>
                    <AnimationNum>2</AnimationNum>
                    <Sound>Sound52</Sound>
                    <AnimationTime>0</AnimationTime>
                    <ShowProgress>0</ShowProgress>
                    <MorphFromActionParameterClass>0</MorphFromActionParameterClass>
                    <LobProjectilePath>0</LobProjectilePath>
                    <RenderModelExplode>0</RenderModelExplode>
                    <Conditions>
                        <Condition>
                            <Resource>U_ACTION</Resource>
                            <Comparison>EQUAL</Comparison>
                            <Value>26</Value>
                        </Condition>
                    </Conditions>
                </Animation>
                <Animation>
                    <Identifier>ACTION_Attack_w1</Identifier>
                    <AnimationNum>2</AnimationNum>
                    <Sound>Sound72</Sound>
                    <AnimationTime>0</AnimationTime>
                    <ShowProgress>0</ShowProgress>
                    <MorphFromActionParameterClass>0</MorphFromActionParameterClass>
                    <LobProjectilePath>0</LobProjectilePath>
                    <RenderModelExplode>0</RenderModelExplode>
                    <Conditions>
                        <Condition>
                            <Resource>U_ACTION</Resource>
                            <Comparison>EQUAL</Comparison>
                            <Value>25</Value>
                        </Condition>
                    </Conditions>
                </Animation>
                <Animation>
                    <Identifier>ACTION_Attack_w0</Identifier>
                    <AnimationNum>2</AnimationNum>
                    <Sound>Sound72</Sound>
                    <AnimationTime>0</AnimationTime>
                    <ShowProgress>0</ShowProgress>
                    <MorphFromActionParameterClass>0</MorphFromActionParameterClass>
                    <LobProjectilePath>0</LobProjectilePath>
                    <RenderModelExplode>0</RenderModelExplode>
                    <Conditions>
                        <Condition>
                            <Resource>U_ACTION</Resource>
                            <Comparison>EQUAL</Comparison>
                            <Value>24</Value>
                        </Condition>
                    </Conditions>
                </Animation>
                <Animation>
                    <Identifier>ACTION_PREP_CHRONOPORT</Identifier>
                    <AnimationNum>0</AnimationNum>
                    <Sound>Sound0</Sound>
                    <AnimationTime>0</AnimationTime>
                    <ShowProgress>0</ShowProgress>
                    <MorphFromActionParameterClass>0</MorphFromActionParameterClass>
                    <LobProjectilePath>0</LobProjectilePath>
                    <RenderModelExplode>0</RenderModelExplode>
                    <Conditions>
                        <Condition>
                            <Resource>U_ACTION</Resource>
                            <Comparison>EQUAL</Comparison>
                            <Value>20</Value>
                        </Condition>
                    </Conditions>
                </Animation>
                <Animation>
                    <Identifier>ACTION_BANK_LEFT</Identifier>
                    <AnimationNum>6</AnimationNum>
                    <Sound>Sound0</Sound>
                    <AnimationTime>0</AnimationTime>
                    <ShowProgress>0</ShowProgress>
                    <MorphFromActionParameterClass>0</MorphFromActionParameterClass>
                    <LobProjectilePath>0</LobProjectilePath>
                    <RenderModelExplode>0</RenderModelExplode>
                    <Conditions>
                        <Condition>
                            <Resource>U_ACTION</Resource>
                            <Comparison>EQUAL</Comparison>
                            <Value>14</Value>
                        </Condition>
                    </Conditions>
                </Animation>
                <Animation>
                    <Identifier>ACTION_BANK_RIGHT</Identifier>
                    <AnimationNum>5</AnimationNum>
                    <Sound>Sound0</Sound>
                    <AnimationTime>0</AnimationTime>
                    <ShowProgress>0</ShowProgress>
                    <MorphFromActionParameterClass>0</MorphFromActionParameterClass>
                    <LobProjectilePath>0</LobProjectilePath>
                    <RenderModelExplode>0</RenderModelExplode>
                    <Conditions>
                        <Condition>
                            <Resource>U_ACTION</Resource>
                            <Comparison>EQUAL</Comparison>
                            <Value>11</Value>
                        </Condition>
                    </Conditions>
                </Animation>
                <Animation>
                    <Identifier>ACTION_ATTACK_W1_AMMO</Identifier>
                    <AnimationNum>1</AnimationNum>
                    <Sound>Sound104</Sound>
                    <AnimationTime>0</AnimationTime>
                    <ShowProgress>0</ShowProgress>
                    <MorphFromActionParameterClass>0</MorphFromActionParameterClass>
                    <LobProjectilePath>0</LobProjectilePath>
                    <RenderModelExplode>0</RenderModelExplode>
                    <Conditions>
                        <Condition>
                            <Resource>U_ACTION</Resource>
                            <Comparison>EQUAL</Comparison>
                            <Value>4</Value>
                        </Condition>
                        <Condition>
                            <Resource>U_AMMO</Resource>
                            <Comparison>GEQUAL</Comparison>
                            <Value>1</Value>
                        </Condition>
                    </Conditions>
                </Animation>
                <Animation>
                    <Identifier>ACTION_ATTACK_W1</Identifier>
                    <AnimationNum>2</AnimationNum>
                    <Sound>Sound72</Sound>
                    <AnimationTime>0</AnimationTime>
                    <ShowProgress>0</ShowProgress>
                    <MorphFromActionParameterClass>0</MorphFromActionParameterClass>
                    <LobProjectilePath>0</LobProjectilePath>
                    <RenderModelExplode>0</RenderModelExplode>
                    <Conditions>
                        <Condition>
                            <Resource>U_ACTION</Resource>
                            <Comparison>EQUAL</Comparison>
                            <Value>4</Value>
                        </Condition>
                    </Conditions>
                </Animation>
                <Animation>
                    <Identifier>ACTION_ATTACK</Identifier>
                    <AnimationNum>2</AnimationNum>
                    <Sound>Sound72</Sound>
                    <AnimationTime>0</AnimationTime>
                    <ShowProgress>0</ShowProgress>
                    <MorphFromActionParameterClass>0</MorphFromActionParameterClass>
                    <LobProjectilePath>0</LobProjectilePath>
                    <RenderModelExplode>0</RenderModelExplode>
                    <Conditions>
                        <Condition>
                            <Resource>U_ACTION</Resource>
                            <Comparison>EQUAL</Comparison>
                            <Value>3</Value>
                        </Condition>
                    </Conditions>
                </Animation>
                <Animation>
                    <Identifier>ACTION_MOVE</Identifier>
                    <AnimationNum>0</AnimationNum>
                    <Sound>Sound0</Sound>
                    <AnimationTime>0</AnimationTime>
                    <ShowProgress>0</ShowProgress>
                    <MorphFromActionParameterClass>0</MorphFromActionParameterClass>
                    <LobProjectilePath>0</LobProjectilePath>
                    <RenderModelExplode>0</RenderModelExplode>
                    <Conditions>
                        <Condition>
                            <Resource>U_ACTION</Resource>
                            <Comparison>EQUAL</Comparison>
                            <Value>2</Value>
                        </Condition>
                    </Conditions>
                </Animation>
                <Animation>
                    <Identifier>ACTION_DESTROY</Identifier>
                    <AnimationNum>3</AnimationNum>
                    <Sound>Sound18</Sound>
                    <AnimationTime>0</AnimationTime>
                    <ShowProgress>0</ShowProgress>
                    <MorphFromActionParameterClass>0</MorphFromActionParameterClass>
                    <LobProjectilePath>0</LobProjectilePath>
                    <RenderModelExplode>1</RenderModelExplode>
                    <Conditions>
                        <Condition>
                            <Resource>U_ACTION</Resource>
                            <Comparison>EQUAL</Comparison>
                            <Value>1</Value>
                        </Condition>
                    </Conditions>
                </Animation>
                <Animation>
                    <Identifier>ACTION_CREATE</Identifier>
                    <AnimationNum>0</AnimationNum>
                    <Sound>Sound0</Sound>
                    <AnimationTime>0</AnimationTime>
                    <ShowProgress>1</ShowProgress>
                    <MorphFromActionParameterClass>0</MorphFromActionParameterClass>
                    <LobProjectilePath>0</LobProjectilePath>
                    <RenderModelExplode>0</RenderModelExplode>
                    <Conditions>
                        <Condition>
                            <Resource>U_ACTION</Resource>
                            <Comparison>EQUAL</Comparison>
                            <Value>0</Value>
                        </Condition>
                    </Conditions>
                </Animation>
                <Animation>
                    <Identifier>idle</Identifier>
                    <AnimationNum>0</AnimationNum>
                    <Sound>Sound0</Sound>
                    <AnimationTime>24</AnimationTime>
                    <ShowProgress>0</ShowProgress>
                    <MorphFromActionParameterClass>0</MorphFromActionParameterClass>
                    <LobProjectilePath>0</LobProjectilePath>
                    <RenderModelExplode>0</RenderModelExplode>
                    <Conditions />
                </Animation>
            </Animations>
            <Actions>
                <Action>
                    <ActionNumber>0</ActionNumber>
                    <Identifier>ACTION_CREATE</Identifier>
                    <TimeTaken>1</TimeTaken>
                    <ForceObjectAction>0</ForceObjectAction>
                    <InterruptCurrentAction>0</InterruptCurrentAction>
                    <MutexAction>0</MutexAction>
                    <FailOnInvalidTarget>0</FailOnInvalidTarget>
                    <PreserveParameter>0</PreserveParameter>
                    <AIScriptCanRun>0</AIScriptCanRun>
                    <SetParamZeroTicks>0</SetParamZeroTicks>
                    <AllowActionWhenStopped>0</AllowActionWhenStopped>
                    <LobProjectilePath>0</LobProjectilePath>
                    <Conditions />
                    <Steps>
                        <Step>
                            <PrimitiveAction>ACCUM_STATISTIC</PrimitiveAction>
                            <Target>SELF</Target>
                            <Type>UnitsCreated</Type>
                            <ValueEval>ONE</ValueEval>
                            <Value>1</Value>
                        </Step>
                    </Steps>
                </Action>
                <Action>
                    <ActionNumber>1</ActionNumber>
                    <Identifier>ACTION_DESTROY</Identifier>
                    <TimeTaken>20</TimeTaken>
                    <ForceObjectAction>1</ForceObjectAction>
                    <InterruptCurrentAction>1</InterruptCurrentAction>
                    <MutexAction>1</MutexAction>
                    <FailOnInvalidTarget>0</FailOnInvalidTarget>
                    <PreserveParameter>0</PreserveParameter>
                    <AIScriptCanRun>0</AIScriptCanRun>
                    <SetParamZeroTicks>0</SetParamZeroTicks>
                    <AllowActionWhenStopped>0</AllowActionWhenStopped>
                    <LobProjectilePath>0</LobProjectilePath>
                    <Conditions>
                        <Condition>
                            <Resource>U_HP</Resource>
                            <Comparison>EQUAL</Comparison>
                            <Value>0</Value>
                        </Condition>
                    </Conditions>
                    <Steps>
                        <Step>
                            <PrimitiveAction>CLEAR_STATUS</PrimitiveAction>
                            <Target>SELF</Target>
                            <Type>STATUS_STOP</Type>
                        </Step>
                        <Step>
                            <PrimitiveAction>ACCUM_STATISTIC</PrimitiveAction>
                            <Target>SELF</Target>
                            <Type>UnitsDestroyed</Type>
                            <ValueEval>ONE</ValueEval>
                            <Value>1</Value>
                        </Step>
                        <Step>
                            <PrimitiveAction>DIE</PrimitiveAction>
                            <Target>SELF</Target>
                        </Step>
                    </Steps>
                </Action>
                <Action>
                    <ActionNumber>2</ActionNumber>
                    <Identifier>ACTION_MOVE</Identifier>
                    <TimeTaken>4</TimeTaken>
                    <ForceObjectAction>0</ForceObjectAction>
                    <InterruptCurrentAction>0</InterruptCurrentAction>
                    <MutexAction>0</MutexAction>
                    <FailOnInvalidTarget>0</FailOnInvalidTarget>
                    <PreserveParameter>0</PreserveParameter>
                    <AIScriptCanRun>0</AIScriptCanRun>
                    <SetParamZeroTicks>0</SetParamZeroTicks>
                    <AllowActionWhenStopped>0</AllowActionWhenStopped>
                    <LobProjectilePath>0</LobProjectilePath>
                    <Conditions />
                    <Steps>
                        <Step>
                            <PrimitiveAction>MOVE</PrimitiveAction>
                            <Target>SELF</Target>
                            <Value>1</Value>
                        </Step>
                    </Steps>
                </Action>
                <Action>
                    <ActionNumber>3</ActionNumber>
                    <Identifier>ACTION_ATTACK</Identifier>
                    <TimeTaken>8</TimeTaken>
                    <ForceObjectAction>0</ForceObjectAction>
                    <InterruptCurrentAction>0</InterruptCurrentAction>
                    <MutexAction>1</MutexAction>
                    <FailOnInvalidTarget>0</FailOnInvalidTarget>
                    <PreserveParameter>1</PreserveParameter>
                    <AIScriptCanRun>0</AIScriptCanRun>
                    <SetParamZeroTicks>0</SetParamZeroTicks>
                    <AllowActionWhenStopped>0</AllowActionWhenStopped>
                    <LobProjectilePath>0</LobProjectilePath>
                    <Conditions />
                    <Steps>
                        <Step>
                            <PrimitiveAction>ATTACK</PrimitiveAction>
                            <Target>TARGET_UNIT</Target>
                            <ValueEval>ONE</ValueEval>
                            <Value>0</Value>
                            <ActionStepModifier>Frigate AM Pulse AG</ActionStepModifier>
                        </Step>
                    </Steps>
                </Action>
                <Action>
                    <ActionNumber>4</ActionNumber>
                    <Identifier>ACTION_ATTACK_W1</Identifier>
                    <TimeTaken>8</TimeTaken>
                    <ForceObjectAction>0</ForceObjectAction>
                    <InterruptCurrentAction>0</InterruptCurrentAction>
                    <MutexAction>1</MutexAction>
                    <FailOnInvalidTarget>0</FailOnInvalidTarget>
                    <PreserveParameter>1</PreserveParameter>
                    <AIScriptCanRun>0</AIScriptCanRun>
                    <SetParamZeroTicks>0</SetParamZeroTicks>
                    <AllowActionWhenStopped>0</AllowActionWhenStopped>
                    <LobProjectilePath>0</LobProjectilePath>
                    <Conditions>
                        <Condition>
                            <Resource>T_IS_TERRAIN_GROUND</Resource>
                            <Comparison>EQUAL</Comparison>
                            <Value>0</Value>
                        </Condition>
                    </Conditions>
                    <Steps>
                        <Step>
                            <PrimitiveAction>ATTACK</PrimitiveAction>
                            <Target>TARGET_UNIT</Target>
                            <ValueEval>ONE</ValueEval>
                            <Value>0</Value>
                            <ActionStepModifier>Frigate AM Pulse AA</ActionStepModifier>
                        </Step>
                    </Steps>
                </Action>
                <Action>
                    <ActionNumber>6</ActionNumber>
                    <Identifier>ACTION_CHANGE_COMMANDER</Identifier>
                    <TimeTaken>0</TimeTaken>
                    <ForceObjectAction>0</ForceObjectAction>
                    <InterruptCurrentAction>0</InterruptCurrentAction>
                    <MutexAction>0</MutexAction>
                    <FailOnInvalidTarget>0</FailOnInvalidTarget>
                    <PreserveParameter>0</PreserveParameter>
                    <AIScriptCanRun>0</AIScriptCanRun>
                    <SetParamZeroTicks>0</SetParamZeroTicks>
                    <AllowActionWhenStopped>0</AllowActionWhenStopped>
                    <LobProjectilePath>0</LobProjectilePath>
                    <Conditions>
                        <Condition>
                            <Resource>U_STATUS</Resource>
                            <Comparison>BITMASK_NOT</Comparison>
                            <Value>2</Value>
                        </Condition>
                    </Conditions>
                    <Steps>
                        <Step>
                            <PrimitiveAction>CHANGE_COMMANDER</PrimitiveAction>
                            <Target>SELF</Target>
                        </Step>
                    </Steps>
                </Action>
                <Action>
                    <ActionNumber>7</ActionNumber>
                    <Identifier>ACTION_CLEAR_CHRONOPORTED</Identifier>
                    <TimeTaken>0</TimeTaken>
                    <ForceObjectAction>0</ForceObjectAction>
                    <InterruptCurrentAction>0</InterruptCurrentAction>
                    <MutexAction>0</MutexAction>
                    <FailOnInvalidTarget>0</FailOnInvalidTarget>
                    <PreserveParameter>0</PreserveParameter>
                    <AIScriptCanRun>0</AIScriptCanRun>
                    <SetParamZeroTicks>0</SetParamZeroTicks>
                    <AllowActionWhenStopped>0</AllowActionWhenStopped>
                    <LobProjectilePath>0</LobProjectilePath>
                    <Conditions />
                    <Steps>
                        <Step>
                            <PrimitiveAction>CLEAR_STATUS</PrimitiveAction>
                            <Target>SELF</Target>
                            <Type>STATUS_CAPABILITY_5</Type>
                        </Step>
                    </Steps>
                </Action>
                <Action>
                    <ActionNumber>11</ActionNumber>
                    <Identifier>ACTION_BANK_RIGHT</Identifier>
                    <TimeTaken>6</TimeTaken>
                    <ForceObjectAction>0</ForceObjectAction>
                    <InterruptCurrentAction>0</InterruptCurrentAction>
                    <MutexAction>0</MutexAction>
                    <FailOnInvalidTarget>0</FailOnInvalidTarget>
                    <PreserveParameter>0</PreserveParameter>
                    <AIScriptCanRun>0</AIScriptCanRun>
                    <SetParamZeroTicks>0</SetParamZeroTicks>
                    <AllowActionWhenStopped>0</AllowActionWhenStopped>
                    <LobProjectilePath>0</LobProjectilePath>
                    <Conditions>
                        <Condition>
                            <Resource>PARAMETER</Resource>
                            <Comparison>IS_VALID_DIRECTION</Comparison>
                            <Value>0</Value>
                        </Condition>
                    </Conditions>
                    <Steps>
                        <Step>
                            <PrimitiveAction>MOVE</PrimitiveAction>
                            <Target>SELF</Target>
                            <Value>2</Value>
                        </Step>
                    </Steps>
                </Action>
                <Action>
                    <ActionNumber>14</ActionNumber>
                    <Identifier>ACTION_BANK_LEFT</Identifier>
                    <TimeTaken>6</TimeTaken>
                    <ForceObjectAction>0</ForceObjectAction>
                    <InterruptCurrentAction>0</InterruptCurrentAction>
                    <MutexAction>0</MutexAction>
                    <FailOnInvalidTarget>0</FailOnInvalidTarget>
                    <PreserveParameter>0</PreserveParameter>
                    <AIScriptCanRun>0</AIScriptCanRun>
                    <SetParamZeroTicks>0</SetParamZeroTicks>
                    <AllowActionWhenStopped>0</AllowActionWhenStopped>
                    <LobProjectilePath>0</LobProjectilePath>
                    <Conditions>
                        <Condition>
                            <Resource>PARAMETER</Resource>
                            <Comparison>IS_VALID_DIRECTION</Comparison>
                            <Value>0</Value>
                        </Condition>
                    </Conditions>
                    <Steps>
                        <Step>
                            <PrimitiveAction>MOVE</PrimitiveAction>
                            <Target>SELF</Target>
                            <Value>2</Value>
                        </Step>
                    </Steps>
                </Action>
                <Action>
                    <ActionNumber>18</ActionNumber>
                    <Identifier>ACTION_REGEN</Identifier>
                    <TimeTaken>0</TimeTaken>
                    <ForceObjectAction>1</ForceObjectAction>
                    <InterruptCurrentAction>1</InterruptCurrentAction>
                    <MutexAction>0</MutexAction>
                    <FailOnInvalidTarget>0</FailOnInvalidTarget>
                    <PreserveParameter>0</PreserveParameter>
                    <AIScriptCanRun>0</AIScriptCanRun>
                    <SetParamZeroTicks>0</SetParamZeroTicks>
                    <AllowActionWhenStopped>0</AllowActionWhenStopped>
                    <LobProjectilePath>0</LobProjectilePath>
                    <Conditions>
                        <Condition>
                            <Resource>U_AGE</Resource>
                            <Comparison>MODULO_IS_ZERO</Comparison>
                            <Value>35</Value>
                        </Condition>
                        <Condition>
                            <Resource>U_ENERGY</Resource>
                            <Comparison>LESS</Comparison>
                            <Value>60</Value>
                        </Condition>
                    </Conditions>
                    <Steps>
                        <Step>
                            <PrimitiveAction>CONSUME_RESOURCE</PrimitiveAction>
                            <Target>SELF</Target>
                            <Type>U_ENERGY</Type>
                            <ValueEval>ONE</ValueEval>
                            <Value>-2</Value>
                        </Step>
                    </Steps>
                </Action>
                <Action>
                    <ActionNumber>19</ActionNumber>
                    <Identifier>ACTION_RELOAD</Identifier>
                    <TimeTaken>0</TimeTaken>
                    <ForceObjectAction>1</ForceObjectAction>
                    <InterruptCurrentAction>1</InterruptCurrentAction>
                    <MutexAction>0</MutexAction>
                    <FailOnInvalidTarget>0</FailOnInvalidTarget>
                    <PreserveParameter>0</PreserveParameter>
                    <AIScriptCanRun>0</AIScriptCanRun>
                    <SetParamZeroTicks>0</SetParamZeroTicks>
                    <AllowActionWhenStopped>0</AllowActionWhenStopped>
                    <LobProjectilePath>0</LobProjectilePath>
                    <Conditions>
                        <Condition>
                            <Resource>U_ENERGY</Resource>
                            <Comparison>EQUAL</Comparison>
                            <Value>60</Value>
                        </Condition>
                        <Condition>
                            <Resource>U_AMMO</Resource>
                            <Comparison>LESS</Comparison>
                            <Value>2</Value>
                        </Condition>
                    </Conditions>
                    <Steps>
                        <Step>
                            <PrimitiveAction>CONSUME_RESOURCE</PrimitiveAction>
                            <Target>SELF</Target>
                            <Type>U_AMMO</Type>
                            <ValueEval>SET_TO_VALUE</ValueEval>
                            <Value>2</Value>
                        </Step>
                    </Steps>
                </Action>
                <Action>
                    <ActionNumber>20</ActionNumber>
                    <Identifier>ACTION_PREP_CHRONOPORT</Identifier>
                    <TimeTaken>1</TimeTaken>
                    <ForceObjectAction>0</ForceObjectAction>
                    <InterruptCurrentAction>0</InterruptCurrentAction>
                    <MutexAction>0</MutexAction>
                    <FailOnInvalidTarget>0</FailOnInvalidTarget>
                    <PreserveParameter>1</PreserveParameter>
                    <AIScriptCanRun>0</AIScriptCanRun>
                    <SetParamZeroTicks>0</SetParamZeroTicks>
                    <AllowActionWhenStopped>0</AllowActionWhenStopped>
                    <LobProjectilePath>0</LobProjectilePath>
                    <Conditions />
                    <Steps />
                </Action>
                <Action>
                    <ActionNumber>22</ActionNumber>
                    <Identifier>ACTION_TELEPORTED</Identifier>
                    <TimeTaken>0</TimeTaken>
                    <ForceObjectAction>0</ForceObjectAction>
                    <InterruptCurrentAction>0</InterruptCurrentAction>
                    <MutexAction>0</MutexAction>
                    <FailOnInvalidTarget>0</FailOnInvalidTarget>
                    <PreserveParameter>1</PreserveParameter>
                    <AIScriptCanRun>0</AIScriptCanRun>
                    <SetParamZeroTicks>0</SetParamZeroTicks>
                    <AllowActionWhenStopped>0</AllowActionWhenStopped>
                    <LobProjectilePath>0</LobProjectilePath>
                    <Conditions />
                    <Steps>
                        <Step>
                            <PrimitiveAction>CLEAR_STATUS</PrimitiveAction>
                            <Target>SELF</Target>
                            <Type>STATUS_CAPABILITY_1</Type>
                        </Step>
                    </Steps>
                </Action>
                <Action>
                    <ActionNumber>23</ActionNumber>
                    <Identifier>ACTION_ACT_PARAMETERS</Identifier>
                    <TimeTaken>1</TimeTaken>
                    <ForceObjectAction>0</ForceObjectAction>
                    <InterruptCurrentAction>0</InterruptCurrentAction>
                    <MutexAction>0</MutexAction>
                    <FailOnInvalidTarget>0</FailOnInvalidTarget>
                    <PreserveParameter>1</PreserveParameter>
                    <AIScriptCanRun>0</AIScriptCanRun>
                    <SetParamZeroTicks>0</SetParamZeroTicks>
                    <AllowActionWhenStopped>0</AllowActionWhenStopped>
                    <LobProjectilePath>0</LobProjectilePath>
                    <Conditions />
                    <Steps />
                </Action>
                <Action>
                    <ActionNumber>24</ActionNumber>
                    <Identifier>ACTION_Attack_w0</Identifier>
                    <TimeTaken>8</TimeTaken>
                    <ForceObjectAction>1</ForceObjectAction>
                    <InterruptCurrentAction>0</InterruptCurrentAction>
                    <MutexAction>1</MutexAction>
                    <FailOnInvalidTarget>0</FailOnInvalidTarget>
                    <PreserveParameter>1</PreserveParameter>
                    <AIScriptCanRun>0</AIScriptCanRun>
                    <SetParamZeroTicks>0</SetParamZeroTicks>
                    <AllowActionWhenStopped>0</AllowActionWhenStopped>
                    <LobProjectilePath>0</LobProjectilePath>
                    <Conditions>
                        <Condition>
                            <Resource>U_ACTION</Resource>
                            <Comparison>EQUAL</Comparison>
                            <Value>3</Value>
                        </Condition>
                    </Conditions>
                    <Steps>
                        <Step>
                            <PrimitiveAction>ATTACK</PrimitiveAction>
                            <Target>TARGET_UNIT</Target>
                            <ValueEval>ONE</ValueEval>
                            <Value>0</Value>
                            <ActionStepModifier>Frigate AM Pulse AG</ActionStepModifier>
                        </Step>
                    </Steps>
                </Action>
                <Action>
                    <ActionNumber>25</ActionNumber>
                    <Identifier>ACTION_Attack_w1</Identifier>
                    <TimeTaken>8</TimeTaken>
                    <ForceObjectAction>1</ForceObjectAction>
                    <InterruptCurrentAction>0</InterruptCurrentAction>
                    <MutexAction>1</MutexAction>
                    <FailOnInvalidTarget>0</FailOnInvalidTarget>
                    <PreserveParameter>1</PreserveParameter>
                    <AIScriptCanRun>0</AIScriptCanRun>
                    <SetParamZeroTicks>0</SetParamZeroTicks>
                    <AllowActionWhenStopped>0</AllowActionWhenStopped>
                    <LobProjectilePath>0</LobProjectilePath>
                    <Conditions>
                        <Condition>
                            <Resource>U_ACTION</Resource>
                            <Comparison>EQUAL</Comparison>
                            <Value>4</Value>
                        </Condition>
                        <Condition>
                            <Resource>U_AMMO</Resource>
                            <Comparison>EQUAL</Comparison>
                            <Value>0</Value>
                        </Condition>
                    </Conditions>
                    <Steps>
                        <Step>
                            <PrimitiveAction>ATTACK</PrimitiveAction>
                            <Target>TARGET_UNIT</Target>
                            <ValueEval>ONE</ValueEval>
                            <Value>0</Value>
                            <ActionStepModifier>Frigate AM Pulse AA</ActionStepModifier>
                        </Step>
                    </Steps>
                </Action>
                <Action>
                    <ActionNumber>26</ActionNumber>
                    <Identifier>ACTION_Attack_w1_AMMO</Identifier>
                    <TimeTaken>8</TimeTaken>
                    <ForceObjectAction>1</ForceObjectAction>
                    <InterruptCurrentAction>0</InterruptCurrentAction>
                    <MutexAction>1</MutexAction>
                    <FailOnInvalidTarget>0</FailOnInvalidTarget>
                    <PreserveParameter>1</PreserveParameter>
                    <AIScriptCanRun>0</AIScriptCanRun>
                    <SetParamZeroTicks>0</SetParamZeroTicks>
                    <AllowActionWhenStopped>0</AllowActionWhenStopped>
                    <LobProjectilePath>0</LobProjectilePath>
                    <Conditions>
                        <Condition>
                            <Resource>U_ACTION</Resource>
                            <Comparison>EQUAL</Comparison>
                            <Value>4</Value>
                        </Condition>
                        <Condition>
                            <Resource>U_AMMO</Resource>
                            <Comparison>GEQUAL</Comparison>
                            <Value>1</Value>
                        </Condition>
                    </Conditions>
                    <Steps>
                        <Step>
                            <PrimitiveAction>ATTACK</PrimitiveAction>
                            <Target>TARGET_UNIT</Target>
                            <ValueEval>ONE</ValueEval>
                            <Value>0</Value>
                            <ActionStepModifier>Dense AM Shells</ActionStepModifier>
                        </Step>
                        <Step>
                            <PrimitiveAction>CONSUME_RESOURCE</PrimitiveAction>
                            <Target>SELF</Target>
                            <Type>U_AMMO</Type>
                            <ValueEval>ONE</ValueEval>
                            <Value>1</Value>
                        </Step>
                        <Step>
                            <PrimitiveAction>CONSUME_RESOURCE</PrimitiveAction>
                            <Target>SELF</Target>
                            <Type>U_ENERGY</Type>
                            <ValueEval>ONE</ValueEval>
                            <Value>30</Value>
                        </Step>
                    </Steps>
                </Action>
                <Action>
                    <ActionNumber>27</ActionNumber>
                    <Identifier>ACTION_Attack_delay</Identifier>
                    <TimeTaken>8</TimeTaken>
                    <ForceObjectAction>1</ForceObjectAction>
                    <InterruptCurrentAction>0</InterruptCurrentAction>
                    <MutexAction>0</MutexAction>
                    <FailOnInvalidTarget>0</FailOnInvalidTarget>
                    <PreserveParameter>1</PreserveParameter>
                    <AIScriptCanRun>0</AIScriptCanRun>
                    <SetParamZeroTicks>0</SetParamZeroTicks>
                    <AllowActionWhenStopped>0</AllowActionWhenStopped>
                    <LobProjectilePath>0</LobProjectilePath>
                    <Conditions>
                        <Condition>
                            <Resource>U_ACTION</Resource>
                            <Comparison>GEQUAL</Comparison>
                            <Value>24</Value>
                        </Condition>
                        <Condition>
                            <Resource>U_ACTION</Resource>
                            <Comparison>LEQUAL</Comparison>
                            <Value>26</Value>
                        </Condition>
                    </Conditions>
                    <Steps />
                </Action>
                <Action>
                    <ActionNumber>30</ActionNumber>
                    <Identifier>ACTION_ERROR1</Identifier>
                    <TimeTaken>1</TimeTaken>
                    <ForceObjectAction>0</ForceObjectAction>
                    <InterruptCurrentAction>0</InterruptCurrentAction>
                    <MutexAction>0</MutexAction>
                    <FailOnInvalidTarget>0</FailOnInvalidTarget>
                    <PreserveParameter>0</PreserveParameter>
                    <AIScriptCanRun>0</AIScriptCanRun>
                    <SetParamZeroTicks>0</SetParamZeroTicks>
                    <AllowActionWhenStopped>0</AllowActionWhenStopped>
                    <LobProjectilePath>0</LobProjectilePath>
                    <Conditions />
                    <Steps />
                </Action>
                <Action>
                    <ActionNumber>31</ActionNumber>
                    <Identifier>ACTION_ERROR2</Identifier>
                    <TimeTaken>1</TimeTaken>
                    <ForceObjectAction>0</ForceObjectAction>
                    <InterruptCurrentAction>0</InterruptCurrentAction>
                    <MutexAction>0</MutexAction>
                    <FailOnInvalidTarget>0</FailOnInvalidTarget>
                    <PreserveParameter>0</PreserveParameter>
                    <AIScriptCanRun>0</AIScriptCanRun>
                    <SetParamZeroTicks>0</SetParamZeroTicks>
                    <AllowActionWhenStopped>0</AllowActionWhenStopped>
                    <LobProjectilePath>0</LobProjectilePath>
                    <Conditions />
                    <Steps />
                </Action>
                <Action>
                    <ActionNumber>33</ActionNumber>
                    <Identifier>ACTION_ERROR_CP</Identifier>
                    <TimeTaken>1</TimeTaken>
                    <ForceObjectAction>0</ForceObjectAction>
                    <InterruptCurrentAction>0</InterruptCurrentAction>
                    <MutexAction>0</MutexAction>
                    <FailOnInvalidTarget>0</FailOnInvalidTarget>
                    <PreserveParameter>0</PreserveParameter>
                    <AIScriptCanRun>0</AIScriptCanRun>
                    <SetParamZeroTicks>0</SetParamZeroTicks>
                    <AllowActionWhenStopped>0</AllowActionWhenStopped>
                    <LobProjectilePath>0</LobProjectilePath>
                    <Conditions />
                    <Steps>
                        <Step>
                            <PrimitiveAction>CLEAR_STATUS</PrimitiveAction>
                            <Target>SELF</Target>
                            <Type>STATUS_CAPABILITY_5</Type>
                        </Step>
                        <Step>
                            <PrimitiveAction>CHANGE_COMMANDER</PrimitiveAction>
                            <Target>SELF</Target>
                        </Step>
                    </Steps>
                </Action>
                <Action>
                    <ActionNumber>35</ActionNumber>
                    <Identifier>ACTION_ROTATE</Identifier>
                    <TimeTaken>1</TimeTaken>
                    <ForceObjectAction>0</ForceObjectAction>
                    <InterruptCurrentAction>0</InterruptCurrentAction>
                    <MutexAction>0</MutexAction>
                    <FailOnInvalidTarget>0</FailOnInvalidTarget>
                    <PreserveParameter>0</PreserveParameter>
                    <AIScriptCanRun>0</AIScriptCanRun>
                    <SetParamZeroTicks>0</SetParamZeroTicks>
                    <AllowActionWhenStopped>0</AllowActionWhenStopped>
                    <LobProjectilePath>0</LobProjectilePath>
                    <Conditions />
                    <Steps>
                        <Step>
                            <PrimitiveAction>ROTATE</PrimitiveAction>
                            <Target>SELF</Target>
                        </Step>
                    </Steps>
                </Action>
                <Action>
                    <ActionNumber>37</ActionNumber>
                    <Identifier>ACTION_CHRONOPORT</Identifier>
                    <TimeTaken>18</TimeTaken>
                    <ForceObjectAction>1</ForceObjectAction>
                    <InterruptCurrentAction>0</InterruptCurrentAction>
                    <MutexAction>0</MutexAction>
                    <FailOnInvalidTarget>0</FailOnInvalidTarget>
                    <PreserveParameter>1</PreserveParameter>
                    <AIScriptCanRun>0</AIScriptCanRun>
                    <SetParamZeroTicks>0</SetParamZeroTicks>
                    <AllowActionWhenStopped>0</AllowActionWhenStopped>
                    <LobProjectilePath>0</LobProjectilePath>
                    <Conditions>
                        <Condition>
                            <Resource>U_AGE</Resource>
                            <Comparison>MODULO_IS_ZERO</Comparison>
                            <Value>8</Value>
                        </Condition>
                        <Condition>
                            <Resource>U_STATUS</Resource>
                            <Comparison>BITMASK</Comparison>
                            <Value>256</Value>
                        </Condition>
                    </Conditions>
                    <Steps>
                        <Step>
                            <PrimitiveAction>CONSUME_RESOURCE</PrimitiveAction>
                            <Target>SELF</Target>
                            <Type>P_L_CRYSTALS</Type>
                            <ValueEval>ONE</ValueEval>
                            <Value>0</Value>
                        </Step>
                        <Step>
                            <PrimitiveAction>CONSUME_RESOURCE</PrimitiveAction>
                            <Target>SELF</Target>
                            <Type>P_Q_PLASMA</Type>
                            <ValueEval>ONE</ValueEval>
                            <Value>63</Value>
                        </Step>
                        <Step>
                            <PrimitiveAction>CONSUME_RESOURCE</PrimitiveAction>
                            <Target>SELF</Target>
                            <Type>U_OBJECTIVE</Type>
                            <ValueEval>SET_TO_VALUE</ValueEval>
                            <Value>0</Value>
                        </Step>
                        <Step>
                            <PrimitiveAction>ACCUM_STATISTIC</PrimitiveAction>
                            <Target>SELF</Target>
                            <Type>CPortDepartures</Type>
                            <ValueEval>ONE</ValueEval>
                            <Value>1</Value>
                        </Step>
                        <Step>
                            <PrimitiveAction>CHRONOPORT</PrimitiveAction>
                            <Target>SELF</Target>
                        </Step>
                    </Steps>
                </Action>
                <Action>
                    <ActionNumber>39</ActionNumber>
                    <Identifier>ACTION_SET_OBJECTIVE_RELEASE</Identifier>
                    <TimeTaken>1</TimeTaken>
                    <ForceObjectAction>0</ForceObjectAction>
                    <InterruptCurrentAction>0</InterruptCurrentAction>
                    <MutexAction>0</MutexAction>
                    <FailOnInvalidTarget>1</FailOnInvalidTarget>
                    <PreserveParameter>0</PreserveParameter>
                    <AIScriptCanRun>0</AIScriptCanRun>
                    <SetParamZeroTicks>0</SetParamZeroTicks>
                    <AllowActionWhenStopped>0</AllowActionWhenStopped>
                    <LobProjectilePath>0</LobProjectilePath>
                    <Conditions>
                        <Condition>
                            <Resource>T_ALLY</Resource>
                            <Comparison>EQUAL</Comparison>
                            <Value>1</Value>
                        </Condition>
                    </Conditions>
                    <Steps>
                        <Step>
                            <PrimitiveAction>CONSUME_RESOURCE</PrimitiveAction>
                            <Target>TARGET_UNIT</Target>
                            <Type>U_OBJECTIVE</Type>
                            <ValueEval>SET_TO_VALUE</ValueEval>
                            <Value>17</Value>
                        </Step>
                    </Steps>
                </Action>
                <Action>
                    <ActionNumber>47</ActionNumber>
                    <Identifier>ACTION_DISCONNECT</Identifier>
                    <TimeTaken>0</TimeTaken>
                    <ForceObjectAction>0</ForceObjectAction>
                    <InterruptCurrentAction>0</InterruptCurrentAction>
                    <MutexAction>0</MutexAction>
                    <FailOnInvalidTarget>0</FailOnInvalidTarget>
                    <PreserveParameter>0</PreserveParameter>
                    <AIScriptCanRun>0</AIScriptCanRun>
                    <SetParamZeroTicks>0</SetParamZeroTicks>
                    <AllowActionWhenStopped>0</AllowActionWhenStopped>
                    <LobProjectilePath>0</LobProjectilePath>
                    <Conditions />
                    <Steps>
                        <Step>
                            <PrimitiveAction>CHANGE_COMMANDER</PrimitiveAction>
                            <Target>TARGET_UNIT</Target>
                        </Step>
                    </Steps>
                </Action>
                <Action>
                    <ActionNumber>50</ActionNumber>
                    <Identifier>ACTION_MOVE_SLOW</Identifier>
                    <TimeTaken>2</TimeTaken>
                    <ForceObjectAction>0</ForceObjectAction>
                    <InterruptCurrentAction>0</InterruptCurrentAction>
                    <MutexAction>0</MutexAction>
                    <FailOnInvalidTarget>0</FailOnInvalidTarget>
                    <PreserveParameter>0</PreserveParameter>
                    <AIScriptCanRun>0</AIScriptCanRun>
                    <SetParamZeroTicks>0</SetParamZeroTicks>
                    <AllowActionWhenStopped>0</AllowActionWhenStopped>
                    <LobProjectilePath>0</LobProjectilePath>
                    <Conditions />
                    <Steps>
                        <Step>
                            <PrimitiveAction>MOVE</PrimitiveAction>
                            <Target>SELF</Target>
                            <Value>0</Value>
                        </Step>
                    </Steps>
                </Action>
                <Action>
                    <ActionNumber>52</ActionNumber>
                    <Identifier>ACTION_FINISH_CPORT1</Identifier>
                    <TimeTaken>1</TimeTaken>
                    <ForceObjectAction>1</ForceObjectAction>
                    <InterruptCurrentAction>0</InterruptCurrentAction>
                    <MutexAction>0</MutexAction>
                    <FailOnInvalidTarget>0</FailOnInvalidTarget>
                    <PreserveParameter>0</PreserveParameter>
                    <AIScriptCanRun>0</AIScriptCanRun>
                    <SetParamZeroTicks>0</SetParamZeroTicks>
                    <AllowActionWhenStopped>0</AllowActionWhenStopped>
                    <LobProjectilePath>0</LobProjectilePath>
                    <Conditions>
                        <Condition>
                            <Resource>U_STATUS</Resource>
                            <Comparison>BITMASK</Comparison>
                            <Value>256</Value>
                        </Condition>
                        <Condition>
                            <Resource>U_OBJECTIVE</Resource>
                            <Comparison>GREATER</Comparison>
                            <Value>49</Value>
                        </Condition>
                    </Conditions>
                    <Steps>
                        <Step>
                            <PrimitiveAction>CONSUME_RESOURCE</PrimitiveAction>
                            <Target>SELF</Target>
                            <Type>U_OBJECTIVE</Type>
                            <ValueEval>SET_TO_VALUE</ValueEval>
                            <Value>49</Value>
                        </Step>
                    </Steps>
                </Action>
                <Action>
                    <ActionNumber>53</ActionNumber>
                    <Identifier>ACTION_FINISH_CPORT2</Identifier>
                    <TimeTaken>1</TimeTaken>
                    <ForceObjectAction>1</ForceObjectAction>
                    <InterruptCurrentAction>0</InterruptCurrentAction>
                    <MutexAction>0</MutexAction>
                    <FailOnInvalidTarget>0</FailOnInvalidTarget>
                    <PreserveParameter>0</PreserveParameter>
                    <AIScriptCanRun>0</AIScriptCanRun>
                    <SetParamZeroTicks>0</SetParamZeroTicks>
                    <AllowActionWhenStopped>0</AllowActionWhenStopped>
                    <LobProjectilePath>0</LobProjectilePath>
                    <Conditions>
                        <Condition>
                            <Resource>U_STATUS</Resource>
                            <Comparison>BITMASK</Comparison>
                            <Value>256</Value>
                        </Condition>
                        <Condition>
                            <Resource>U_OBJECTIVE</Resource>
                            <Comparison>LESS</Comparison>
                            <Value>48</Value>
                        </Condition>
                    </Conditions>
                    <Steps>
                        <Step>
                            <PrimitiveAction>CONSUME_RESOURCE</PrimitiveAction>
                            <Target>SELF</Target>
                            <Type>U_OBJECTIVE</Type>
                            <ValueEval>SET_TO_VALUE</ValueEval>
                            <Value>49</Value>
                        </Step>
                    </Steps>
                </Action>
            </Actions>
            <Objectives>
                <Objective>
                    <ObjectiveNumber>0</ObjectiveNumber>
                    <Script>Script102</Script>
                    <Name>Idle/Defend</Name>
                    <Details></Details>
                </Objective>
                <Objective>
                    <ObjectiveNumber>1</ObjectiveNumber>
                    <Script>Script21</Script>
                    <Name>Move</Name>
                    <Details> \Move to specified location</Details>
                    <ObjectiveControlShortcutNumber>4</ObjectiveControlShortcutNumber>
                </Objective>
                <Objective>
                    <ObjectiveNumber>2</ObjectiveNumber>
                    <Script>Script196</Script>
                    <Name>Attack</Name>
                    <Details> \Attack specified target or \enemies encountered en route \to specified location</Details>
                    <ObjectiveControlShortcutNumber>0</ObjectiveControlShortcutNumber>
                    <ParameterType>POSITION</ParameterType>
                </Objective>
                <Objective>
                    <ObjectiveNumber>3</ObjectiveNumber>
                    <Script>Script198</Script>
                    <Name>Patrol</Name>
                    <Details>Hold CTRL and select up to 5 points to\continuously patrol around\Target one of your own units to HOLD\current position or select a single\location to HOLD that position</Details>
                    <ObjectiveControlShortcutNumber>2</ObjectiveControlShortcutNumber>
                </Objective>
                <Objective>
                    <ObjectiveNumber>4</ObjectiveNumber>
                    <Script>Script193</Script>
                    <Name>Attack Unit</Name>
                    <Details></Details>
                    <ObjectiveControlShortcutNumber>0</ObjectiveControlShortcutNumber>
                    <ParameterType>UNIT</ParameterType>
                </Objective>
                <Objective>
                    <ObjectiveNumber>5</ObjectiveNumber>
                    <Script>Script22</Script>
                    <Name>Moving</Name>
                    <Details></Details>
                    <ObjectiveControlShortcutNumber>4</ObjectiveControlShortcutNumber>
                </Objective>
                <Objective>
                    <ObjectiveNumber>6</ObjectiveNumber>
                    <Script>Script194</Script>
                    <Name>Attacking</Name>
                    <Details></Details>
                    <ObjectiveControlShortcutNumber>0</ObjectiveControlShortcutNumber>
                    <ParameterType>POSITION</ParameterType>
                </Objective>
                <Objective>
                    <ObjectiveNumber>7</ObjectiveNumber>
                    <Script>Script199</Script>
                    <Name>Patrolling</Name>
                    <Details></Details>
                    <ObjectiveControlShortcutNumber>2</ObjectiveControlShortcutNumber>
                </Objective>
                <Objective>
                    <ObjectiveNumber>8</ObjectiveNumber>
                    <Script>Script202</Script>
                    <Name>Change Commander</Name>
                    <Details> \Set this unit&apos;s commander\ \Alt-Right-Click on unit to\select its current commander </Details>
                    <ObjectiveControlShortcutNumber>8</ObjectiveControlShortcutNumber>
                </Objective>
                <Objective>
                    <ObjectiveNumber>9</ObjectiveNumber>
                    <Script>Script204</Script>
                    <Name>Remove from Hierarchy</Name>
                    <Details> \Remove unit from hierarchy\to disconnect from commander\and all subordinates</Details>
                </Objective>
                <Objective>
                    <ObjectiveNumber>10</ObjectiveNumber>
                    <Script>Script200</Script>
                    <Name>Priority</Name>
                    <Details> \While Moving or Attacking,\subordinates will break formation\and move at their top speeds</Details>
                </Objective>
                <Objective>
                    <ObjectiveNumber>15</ObjectiveNumber>
                    <Script>Script221</Script>
                    <Name>Recover Status</Name>
                    <Details> \Clear negative status effects:\    Freeze, Comm Jam and Nanites</Details>
                    <Resource6>25</Resource6>
                    <ObjectiveControlShortcutNumber>3</ObjectiveControlShortcutNumber>
                    <ParameterType>UNIT</ParameterType>
                </Objective>
                <Objective>
                    <ObjectiveNumber>16</ObjectiveNumber>
                    <Script>Script197</Script>
                    <Name>Stop</Name>
                    <Details> \Interrupt current objective\and return to idling</Details>
                </Objective>
                <Objective>
                    <ObjectiveNumber>33</ObjectiveNumber>
                    <Script>Script20</Script>
                    <Name>Awaiting Air-Lift</Name>
                    <Details></Details>
                </Objective>
                <Objective>
                    <ObjectiveNumber>34</ObjectiveNumber>
                    <Script>Script203</Script>
                    <Name>Carry/Commander</Name>
                    <Details></Details>
                </Objective>
                <Objective>
                    <ObjectiveNumber>45</ObjectiveNumber>
                    <Script>Script212</Script>
                    <Name></Name>
                    <Details></Details>
                </Objective>
                <Objective>
                    <ObjectiveNumber>46</ObjectiveNumber>
                    <Script>Script209</Script>
                    <Name>Chronoport</Name>
                    <Details>   Not Available\    Requires the Gate Tech\    upgrade at the ARMORY</Details>
                </Objective>
                <Objective>
                    <ObjectiveNumber>47</ObjectiveNumber>
                    <Script>Script206</Script>
                    <Name>Teleport</Name>
                    <Details> \Teleport to a specified location\    Must be near a Teleporter</Details>
                    <ObjectiveControlShortcutNumber>9</ObjectiveControlShortcutNumber>
                </Objective>
                <Objective>
                    <ObjectiveNumber>48</ObjectiveNumber>
                    <Script>Script210</Script>
                    <Name>Chronoport</Name>
                    <Details> \Chronoport to a specified time\    Must be near a Chronoporter</Details>
                    <Resource4>63</Resource4>
                </Objective>
                <Objective>
                    <ObjectiveNumber>49</ObjectiveNumber>
                    <Script>Script213</Script>
                    <Name>MoveAway</Name>
                    <Details></Details>
                </Objective>
                <Objective>
                    <ObjectiveNumber>50</ObjectiveNumber>
                    <Script>Script208</Script>
                    <Name></Name>
                    <Details></Details>
                </Objective>
                <Objective>
                    <ObjectiveNumber>54</ObjectiveNumber>
                    <Script>Script195</Script>
                    <Name>Attacking Unit</Name>
                    <Details></Details>
                    <ObjectiveControlShortcutNumber>0</ObjectiveControlShortcutNumber>
                    <ParameterType>UNIT</ParameterType>
                </Objective>
            </Objectives>
            <ControlShortcuts>
                <ControlShortcut>
                    <ControlNumber>0</ControlNumber>
                    <ControlObjectiveNumber>2</ControlObjectiveNumber>
                    <MouseInputType>SHORTCUT_QUICK_1</MouseInputType>
                    <ParameterType>POSITION_OR_UNIT</ParameterType>
                    <Parameter>0</Parameter>
                    <KeyboardShortcut>$AchronKBAttack</KeyboardShortcut>
                    <Flags>
                        <ShortcutOnKeyRelease>0</ShortcutOnKeyRelease>
                        <EstTimeConstIsStart>0</EstTimeConstIsStart>
                        <ButtonDisabled>0</ButtonDisabled>
                        <UserControlsCustom>0</UserControlsCustom>
                        <ButtonInvisible>0</ButtonInvisible>
                        <SelectTarget>0</SelectTarget>
                    </Flags>
                    <EstTimeConst>0</EstTimeConst>
                    <EstTimeDist>2</EstTimeDist>
                    <Sound>Sound0</Sound>
                    <ControlConditions>
                        <ControlCondition>
                            <Resource>U_IS_CARRIED</Resource>
                            <Comparison>EQUAL</Comparison>
                            <Value>0</Value>
                        </ControlCondition>
                    </ControlConditions>
                </ControlShortcut>
                <ControlShortcut>
                    <ControlNumber>1</ControlNumber>
                    <ControlObjectiveNumber>9</ControlObjectiveNumber>
                    <MouseInputType>SHORTCUT_QUICK_2</MouseInputType>
                    <ParameterType>NO_PARAMETER</ParameterType>
                    <Parameter>0</Parameter>
                    <KeyboardShortcut>$AchronKBRemoveFromHierarchy</KeyboardShortcut>
                    <Flags>
                        <ShortcutOnKeyRelease>0</ShortcutOnKeyRelease>
                        <EstTimeConstIsStart>0</EstTimeConstIsStart>
                        <ButtonDisabled>0</ButtonDisabled>
                        <UserControlsCustom>0</UserControlsCustom>
                        <ButtonInvisible>0</ButtonInvisible>
                        <SelectTarget>0</SelectTarget>
                    </Flags>
                    <EstTimeConst>0</EstTimeConst>
                    <EstTimeDist>0</EstTimeDist>
                    <Sound>Sound0</Sound>
                    <ControlConditions>
                        <ControlCondition>
                            <Resource>U_IS_CARRIED</Resource>
                            <Comparison>EQUAL</Comparison>
                            <Value>0</Value>
                        </ControlCondition>
                    </ControlConditions>
                </ControlShortcut>
                <ControlShortcut>
                    <ControlNumber>2</ControlNumber>
                    <ControlObjectiveNumber>3</ControlObjectiveNumber>
                    <MouseInputType>SHORTCUT_QUICK_3</MouseInputType>
                    <ParameterType>POSITION_OR_UNIT</ParameterType>
                    <Parameter>0</Parameter>
                    <KeyboardShortcut>$AchronKBPatrol</KeyboardShortcut>
                    <Flags>
                        <ShortcutOnKeyRelease>0</ShortcutOnKeyRelease>
                        <EstTimeConstIsStart>0</EstTimeConstIsStart>
                        <ButtonDisabled>0</ButtonDisabled>
                        <UserControlsCustom>0</UserControlsCustom>
                        <ButtonInvisible>0</ButtonInvisible>
                        <SelectTarget>0</SelectTarget>
                    </Flags>
                    <EstTimeConst>0</EstTimeConst>
                    <EstTimeDist>0</EstTimeDist>
                    <Sound>Sound0</Sound>
                    <ControlConditions>
                        <ControlCondition>
                            <Resource>U_IS_CARRIED</Resource>
                            <Comparison>EQUAL</Comparison>
                            <Value>0</Value>
                        </ControlCondition>
                    </ControlConditions>
                </ControlShortcut>
                <ControlShortcut>
                    <ControlNumber>3</ControlNumber>
                    <ControlObjectiveNumber>15</ControlObjectiveNumber>
                    <MouseInputType>SHORTCUT_QUICK_4</MouseInputType>
                    <ParameterType>UNIT</ParameterType>
                    <Parameter>0</Parameter>
                    <KeyboardShortcut>$AchronKBRecoverStatus</KeyboardShortcut>
                    <Flags>
                        <ShortcutOnKeyRelease>0</ShortcutOnKeyRelease>
                        <EstTimeConstIsStart>0</EstTimeConstIsStart>
                        <ButtonDisabled>0</ButtonDisabled>
                        <UserControlsCustom>0</UserControlsCustom>
                        <ButtonInvisible>0</ButtonInvisible>
                        <SelectTarget>0</SelectTarget>
                    </Flags>
                    <EstTimeConst>0</EstTimeConst>
                    <EstTimeDist>0</EstTimeDist>
                    <Sound>Sound0</Sound>
                    <ControlConditions>
                        <ControlCondition>
                            <Resource>SCENARIO_CONSTRAINTS</Resource>
                            <Comparison>BITMASK_NOT</Comparison>
                            <Value>8</Value>
                        </ControlCondition>
                        <ControlCondition>
                            <Resource>U_IS_CARRIED</Resource>
                            <Comparison>EQUAL</Comparison>
                            <Value>0</Value>
                        </ControlCondition>
                    </ControlConditions>
                </ControlShortcut>
                <ControlShortcut>
                    <ControlNumber>4</ControlNumber>
                    <ControlObjectiveNumber>1</ControlObjectiveNumber>
                    <MouseInputType>SHORTCUT_TILE</MouseInputType>
                    <ParameterType>POSITION_AUTO_HEIGHT</ParameterType>
                    <Parameter>0</Parameter>
                    <KeyboardShortcut>$AchronKBMove</KeyboardShortcut>
                    <Flags>
                        <ShortcutOnKeyRelease>0</ShortcutOnKeyRelease>
                        <EstTimeConstIsStart>0</EstTimeConstIsStart>
                        <ButtonDisabled>0</ButtonDisabled>
                        <UserControlsCustom>0</UserControlsCustom>
                        <ButtonInvisible>0</ButtonInvisible>
                        <SelectTarget>0</SelectTarget>
                    </Flags>
                    <EstTimeConst>0</EstTimeConst>
                    <EstTimeDist>2</EstTimeDist>
                    <Sound>Sound0</Sound>
                    <ControlConditions />
                </ControlShortcut>
                <ControlShortcut>
                    <ControlNumber>5</ControlNumber>
                    <ControlObjectiveNumber>4</ControlObjectiveNumber>
                    <MouseInputType>SHORTCUT_ENEMY_UNIT</MouseInputType>
                    <ParameterType>UNIT</ParameterType>
                    <Parameter>0</Parameter>
                    <KeyboardShortcut></KeyboardShortcut>
                    <Flags>
                        <ShortcutOnKeyRelease>0</ShortcutOnKeyRelease>
                        <EstTimeConstIsStart>0</EstTimeConstIsStart>
                        <ButtonDisabled>0</ButtonDisabled>
                        <UserControlsCustom>0</UserControlsCustom>
                        <ButtonInvisible>1</ButtonInvisible>
                        <SelectTarget>0</SelectTarget>
                    </Flags>
                    <EstTimeConst>0</EstTimeConst>
                    <EstTimeDist>0</EstTimeDist>
                    <Sound>Sound0</Sound>
                    <ControlConditions />
                </ControlShortcut>
                <ControlShortcut>
                    <ControlNumber>6</ControlNumber>
                    <ControlObjectiveNumber>34</ControlObjectiveNumber>
                    <MouseInputType>SHORTCUT_ALLY_UNIT</MouseInputType>
                    <ParameterType>UNIT</ParameterType>
                    <Parameter>0</Parameter>
                    <KeyboardShortcut></KeyboardShortcut>
                    <Flags>
                        <ShortcutOnKeyRelease>0</ShortcutOnKeyRelease>
                        <EstTimeConstIsStart>0</EstTimeConstIsStart>
                        <ButtonDisabled>0</ButtonDisabled>
                        <UserControlsCustom>0</UserControlsCustom>
                        <ButtonInvisible>1</ButtonInvisible>
                        <SelectTarget>1</SelectTarget>
                    </Flags>
                    <EstTimeConst>0</EstTimeConst>
                    <EstTimeDist>0</EstTimeDist>
                    <Sound>Sound0</Sound>
                    <ControlConditions />
                </ControlShortcut>
                <ControlShortcut>
                    <ControlNumber>7</ControlNumber>
                    <ControlObjectiveNumber>46</ControlObjectiveNumber>
                    <ParameterType>NO_PARAMETER</ParameterType>
                    <Parameter>0</Parameter>
                    <KeyboardShortcut></KeyboardShortcut>
                    <Flags>
                        <ShortcutOnKeyRelease>0</ShortcutOnKeyRelease>
                        <EstTimeConstIsStart>0</EstTimeConstIsStart>
                        <ButtonDisabled>1</ButtonDisabled>
                        <UserControlsCustom>0</UserControlsCustom>
                        <ButtonInvisible>0</ButtonInvisible>
                        <SelectTarget>0</SelectTarget>
                    </Flags>
                    <EstTimeConst>0</EstTimeConst>
                    <EstTimeDist>0</EstTimeDist>
                    <Sound>Sound0</Sound>
                    <ControlConditions>
                        <ControlCondition>
                            <Resource>U_IS_CARRIED</Resource>
                            <Comparison>EQUAL</Comparison>
                            <Value>0</Value>
                        </ControlCondition>
                        <ControlCondition>
                            <Resource>P_ADVANCEMENTS</Resource>
                            <Comparison>BITMASK_NOT</Comparison>
                            <Value>16</Value>
                        </ControlCondition>
                    </ControlConditions>
                </ControlShortcut>
                <ControlShortcut>
                    <ControlNumber>8</ControlNumber>
                    <ControlObjectiveNumber>8</ControlObjectiveNumber>
                    <ParameterType>UNIT</ParameterType>
                    <Parameter>0</Parameter>
                    <KeyboardShortcut>$AchronKBChangeCommander</KeyboardShortcut>
                    <Flags>
                        <ShortcutOnKeyRelease>0</ShortcutOnKeyRelease>
                        <EstTimeConstIsStart>0</EstTimeConstIsStart>
                        <ButtonDisabled>0</ButtonDisabled>
                        <UserControlsCustom>0</UserControlsCustom>
                        <ButtonInvisible>0</ButtonInvisible>
                        <SelectTarget>0</SelectTarget>
                    </Flags>
                    <EstTimeConst>0</EstTimeConst>
                    <EstTimeDist>0</EstTimeDist>
                    <Sound>Sound0</Sound>
                    <ControlConditions>
                        <ControlCondition>
                            <Resource>U_IS_CARRIED</Resource>
                            <Comparison>EQUAL</Comparison>
                            <Value>0</Value>
                        </ControlCondition>
                    </ControlConditions>
                </ControlShortcut>
                <ControlShortcut>
                    <ControlNumber>9</ControlNumber>
                    <ControlObjectiveNumber>47</ControlObjectiveNumber>
                    <ParameterType>POSITION</ParameterType>
                    <Parameter>0</Parameter>
                    <KeyboardShortcut>$AchronKBTeleport</KeyboardShortcut>
                    <Flags>
                        <ShortcutOnKeyRelease>0</ShortcutOnKeyRelease>
                        <EstTimeConstIsStart>0</EstTimeConstIsStart>
                        <ButtonDisabled>0</ButtonDisabled>
                        <UserControlsCustom>0</UserControlsCustom>
                        <ButtonInvisible>0</ButtonInvisible>
                        <SelectTarget>0</SelectTarget>
                    </Flags>
                    <EstTimeConst>0</EstTimeConst>
                    <EstTimeDist>0</EstTimeDist>
                    <Sound>Sound0</Sound>
                    <ControlConditions>
                        <ControlCondition>
                            <Resource>U_IS_CARRIED</Resource>
                            <Comparison>EQUAL</Comparison>
                            <Value>0</Value>
                        </ControlCondition>
                        <ControlCondition>
                            <Resource>U_STATUS</Resource>
                            <Comparison>BITMASK_NOT</Comparison>
                            <Value>4</Value>
                        </ControlCondition>
                    </ControlConditions>
                </ControlShortcut>
                <ControlShortcut>
                    <ControlNumber>11</ControlNumber>
                    <ControlObjectiveNumber>10</ControlObjectiveNumber>
                    <ParameterType>NO_PARAMETER</ParameterType>
                    <Parameter>0</Parameter>
                    <KeyboardShortcut>$AchronKBPriority</KeyboardShortcut>
                    <Flags>
                        <ShortcutOnKeyRelease>0</ShortcutOnKeyRelease>
                        <EstTimeConstIsStart>0</EstTimeConstIsStart>
                        <ButtonDisabled>0</ButtonDisabled>
                        <UserControlsCustom>0</UserControlsCustom>
                        <ButtonInvisible>0</ButtonInvisible>
                        <SelectTarget>0</SelectTarget>
                    </Flags>
                    <EstTimeConst>0</EstTimeConst>
                    <EstTimeDist>0</EstTimeDist>
                    <Sound>Sound0</Sound>
                    <ControlConditions>
                        <ControlCondition>
                            <Resource>U_IS_CARRIED</Resource>
                            <Comparison>EQUAL</Comparison>
                            <Value>0</Value>
                        </ControlCondition>
                    </ControlConditions>
                </ControlShortcut>
                <ControlShortcut>
                    <ControlNumber>14</ControlNumber>
                    <ControlObjectiveNumber>16</ControlObjectiveNumber>
                    <ParameterType>NO_PARAMETER</ParameterType>
                    <Parameter>0</Parameter>
                    <KeyboardShortcut>$AchronKBStop</KeyboardShortcut>
                    <Flags>
                        <ShortcutOnKeyRelease>0</ShortcutOnKeyRelease>
                        <EstTimeConstIsStart>0</EstTimeConstIsStart>
                        <ButtonDisabled>0</ButtonDisabled>
                        <UserControlsCustom>0</UserControlsCustom>
                        <ButtonInvisible>0</ButtonInvisible>
                        <SelectTarget>0</SelectTarget>
                    </Flags>
                    <EstTimeConst>0</EstTimeConst>
                    <EstTimeDist>0</EstTimeDist>
                    <Sound>Sound0</Sound>
                    <ControlConditions>
                        <ControlCondition>
                            <Resource>U_IS_CARRIED</Resource>
                            <Comparison>EQUAL</Comparison>
                            <Value>0</Value>
                        </ControlCondition>
                    </ControlConditions>
                </ControlShortcut>
                <ControlShortcut>
                    <ControlNumber>15</ControlNumber>
                    <ControlObjectiveNumber>50</ControlObjectiveNumber>
                    <ParameterType>NO_PARAMETER</ParameterType>
                    <Parameter>0</Parameter>
                    <KeyboardShortcut></KeyboardShortcut>
                    <Flags>
                        <ShortcutOnKeyRelease>0</ShortcutOnKeyRelease>
                        <EstTimeConstIsStart>0</EstTimeConstIsStart>
                        <ButtonDisabled>1</ButtonDisabled>
                        <UserControlsCustom>0</UserControlsCustom>
                        <ButtonInvisible>0</ButtonInvisible>
                        <SelectTarget>0</SelectTarget>
                    </Flags>
                    <EstTimeConst>0</EstTimeConst>
                    <EstTimeDist>0</EstTimeDist>
                    <Sound>Sound0</Sound>
                    <ControlConditions>
                        <ControlCondition>
                            <Resource>U_IS_CARRIED</Resource>
                            <Comparison>EQUAL</Comparison>
                            <Value>0</Value>
                        </ControlCondition>
                        <ControlCondition>
                            <Resource>U_STATUS</Resource>
                            <Comparison>BITMASK</Comparison>
                            <Value>4</Value>
                        </ControlCondition>
                    </ControlConditions>
                </ControlShortcut>
                <ControlShortcut>
                    <ControlNumber>16</ControlNumber>
                    <ControlObjectiveNumber>45</ControlObjectiveNumber>
                    <ParameterType>NO_PARAMETER</ParameterType>
                    <Parameter>0</Parameter>
                    <KeyboardShortcut></KeyboardShortcut>
                    <Flags>
                        <ShortcutOnKeyRelease>0</ShortcutOnKeyRelease>
                        <EstTimeConstIsStart>0</EstTimeConstIsStart>
                        <ButtonDisabled>1</ButtonDisabled>
                        <UserControlsCustom>0</UserControlsCustom>
                        <ButtonInvisible>0</ButtonInvisible>
                        <SelectTarget>0</SelectTarget>
                    </Flags>
                    <EstTimeConst>0</EstTimeConst>
                    <EstTimeDist>0</EstTimeDist>
                    <Sound>Sound0</Sound>
                    <ControlConditions>
                        <ControlCondition>
                            <Resource>U_IS_CARRIED</Resource>
                            <Comparison>EQUAL</Comparison>
                            <Value>0</Value>
                        </ControlCondition>
                        <ControlCondition>
                            <Resource>U_STATUS</Resource>
                            <Comparison>BITMASK</Comparison>
                            <Value>4</Value>
                        </ControlCondition>
                        <ControlCondition>
                            <Resource>P_ADVANCEMENTS</Resource>
                            <Comparison>BITMASK</Comparison>
                            <Value>16</Value>
                        </ControlCondition>
                    </ControlConditions>
                </ControlShortcut>
                <ControlShortcut>
                    <ControlNumber>17</ControlNumber>
                    <ControlObjectiveNumber>48</ControlObjectiveNumber>
                    <ParameterType>TIME</ParameterType>
                    <Parameter>0</Parameter>
                    <KeyboardShortcut>$AchronKBChronoport</KeyboardShortcut>
                    <Flags>
                        <ShortcutOnKeyRelease>0</ShortcutOnKeyRelease>
                        <EstTimeConstIsStart>0</EstTimeConstIsStart>
                        <ButtonDisabled>0</ButtonDisabled>
                        <UserControlsCustom>0</UserControlsCustom>
                        <ButtonInvisible>0</ButtonInvisible>
                        <SelectTarget>0</SelectTarget>
                    </Flags>
                    <EstTimeConst>0</EstTimeConst>
                    <EstTimeDist>0</EstTimeDist>
                    <Sound>Sound0</Sound>
                    <ControlConditions>
                        <ControlCondition>
                            <Resource>U_IS_CARRIED</Resource>
                            <Comparison>EQUAL</Comparison>
                            <Value>0</Value>
                        </ControlCondition>
                        <ControlCondition>
                            <Resource>U_STATUS</Resource>
                            <Comparison>BITMASK_NOT</Comparison>
                            <Value>4</Value>
                        </ControlCondition>
                        <ControlCondition>
                            <Resource>P_ADVANCEMENTS</Resource>
                            <Comparison>BITMASK</Comparison>
                            <Value>16</Value>
                        </ControlCondition>
                    </ControlConditions>
                </ControlShortcut>
            </ControlShortcuts>
        </ObjectClass>

		
		Sound52
		
                <Action>
                    <ActionNumber>28</ActionNumber>
                    <Identifier>ACTION_Attack_w1_delay</Identifier>
                    <TimeTaken>4</TimeTaken>
                    <ForceObjectAction>1</ForceObjectAction>
                    <InterruptCurrentAction>0</InterruptCurrentAction>
                    <MutexAction>0</MutexAction>
                    <FailOnInvalidTarget>0</FailOnInvalidTarget>
                    <PreserveParameter>1</PreserveParameter>
                    <AIScriptCanRun>0</AIScriptCanRun>
                    <SetParamZeroTicks>0</SetParamZeroTicks>
                    <AllowActionWhenStopped>0</AllowActionWhenStopped>
                    <LobProjectilePath>0</LobProjectilePath>
                    <Conditions>
                        <Condition>
                            <Resource>U_ACTION</Resource>
                            <Comparison>EQUAL</Comparison>
                            <Value>25</Value>
                        </Condition>
                    </Conditions>
                    <Steps />
                </Action>
				