    <AIScripts>
        <AIScript>
            <Name>Script1</Name>
            <Path>./ais/grekim_factory_idle2.abn</Path>
        </AIScript>
        <AIScript>
            <Name>Script2</Name>
            <Path>./ais/grekim_factory_idle.abn</Path>
        </AIScript>
        <AIScript>
            <Name>Script3</Name>
            <Path>./ais/common_vecgir_idle.abn</Path>
        </AIScript>
        <AIScript>
            <Name>Script4</Name>
            <Path>./ais/general_idle.abn</Path>
        </AIScript>
        <AIScript>
            <Name>Script5</Name>
            <Path>./ais/factory_idle.abn</Path>
        </AIScript>
        <AIScript>
            <Name>Script6</Name>
            <Path>./ais/importer_idle.abn</Path>
        </AIScript>
        <AIScript>
            <Name>Script7</Name>
            <Path>./ais/cport_idle.abn</Path>
        </AIScript>
        <AIScript>
            <Name>Script8</Name>
            <Path>./ais/tank_idle.abn</Path>
        </AIScript>
        <AIScript>
            <Name>Script9</Name>
            <Path>./ais/bastion_attack.abn</Path>
        </AIScript>
        <AIScript>
            <Name>Script10</Name>
            <Path>./ais/unknown.abn</Path>
        </AIScript>
        <AIScript>
            <Name>Script11</Name>
            <Path>./ais/building_common_off.abn</Path>
        </AIScript>
        <AIScript>
            <Name>Script12</Name>
            <Path>./ais/common_human_idle.abn</Path>
        </AIScript>
        <AIScript>
            <Name>Script13</Name>
            <Path>./ais/building_common_relocate.abn</Path>
        </AIScript>
        <AIScript>
            <Name>Script14</Name>
            <Path>./ais/human_building_idle.abn</Path>
        </AIScript>
        <AIScript>
            <Name>Script15</Name>
            <Path>./ais/commc_idle.abn</Path>
        </AIScript>
        <AIScript>
            <Name>Script16</Name>
            <Path>./ais/8080_idle.abn</Path>
        </AIScript>
        <AIScript>
            <Name>Script17</Name>
            <Path>./ais/carrier_idle.abn</Path>
        </AIScript>
        <AIScript>
            <Name>Script18</Name>
            <Path>./ais/marine_idle.abn</Path>
        </AIScript>
        <AIScript>
            <Name>Script19</Name>
            <Path>./ais/lancer_idle.abn</Path>
        </AIScript>
        <AIScript>
            <Name>Script20</Name>
            <Path>./ais/pickmeup.abn</Path>
        </AIScript>
        <AIScript>
            <Name>Script21</Name>
            <Path>./ais/move_dispatch.abn</Path>
        </AIScript>
        <AIScript>
            <Name>Script22</Name>
            <Path>./ais/move.abn</Path>
        </AIScript>
        <AIScript>
            <Name>Script23</Name>
            <Path>./ais/simple_move.abn</Path>
        </AIScript>
        <AIScript>
            <Name>Script24</Name>
            <Path>./ais/simple_move_dispatch.abn</Path>
        </AIScript>
        <AIScript>
            <Name>Script25</Name>
            <Path>./ais/greyout.abn</Path>
        </AIScript>
        <AIScript>
            <Name>Script26</Name>
            <Path>./ais/vecgir_build.abn</Path>
        </AIScript>
        <AIScript>
            <Name>Script27</Name>
            <Path>./ais/vecgir_repair_indepot.abn</Path>
        </AIScript>
        <AIScript>
            <Name>Script28</Name>
            <Path>./ais/pharao3_idle.abn</Path>
        </AIScript>
        <AIScript>
            <Name>Script29</Name>
            <Path>./ais/spyre_idle.abn</Path>
        </AIScript>
        <AIScript>
            <Name>Script30</Name>
            <Path>./ais/chooser_idle.abn</Path>
        </AIScript>
        <AIScript>
            <Name>Script31</Name>
            <Path>./ais/gargantuan_idle.abn</Path>
        </AIScript>
        <AIScript>
            <Name>Script32</Name>
            <Path>./ais/vcarrier_idle.abn</Path>
        </AIScript>
        <AIScript>
            <Name>Script33</Name>
            <Path>./ais/armory_marine.abn</Path>
        </AIScript>
        <AIScript>
            <Name>Script34</Name>
            <Path>./ais/greyout.abn</Path>
        </AIScript>
        <AIScript>
            <Name>Script35</Name>
            <Path>./ais/armory_sop.abn</Path>
        </AIScript>
        <AIScript>
            <Name>Script36</Name>
            <Path>./ais/greyout.abn</Path>
        </AIScript>
        <AIScript>
            <Name>Script37</Name>
            <Path>./ais/human_tank_postmerge.abn</Path>
        </AIScript>
        <AIScript>
            <Name>Script38</Name>
            <Path>./ais/blank.abn</Path>
        </AIScript>
        <AIScript>
            <Name>Script39</Name>
            <Path>./ais/blank.abn</Path>
        </AIScript>
        <AIScript>
            <Name>Script40</Name>
            <Path>./ais/unknown.abn</Path>
        </AIScript>
        <AIScript>
            <Name>Script41</Name>
            <Path>./ais/acc_annex_constructing.abn</Path>
        </AIScript>
        <AIScript>
            <Name>Script42</Name>
            <Path>./ais/macrofab_reload_hcG.abn</Path>
        </AIScript>
        <AIScript>
            <Name>Script43</Name>
            <Path>./ais/macrofab_reload_hc.abn</Path>
        </AIScript>
        <AIScript>
            <Name>Script44</Name>
            <Path>./ais/unknown.abn</Path>
        </AIScript>
        <AIScript>
            <Name>Script45</Name>
            <Path>./ais/armory_hmechG.abn</Path>
        </AIScript>
        <AIScript>
            <Name>Script46</Name>
            <Path>./ais/researched.abn</Path>
        </AIScript>
        <AIScript>
            <Name>Script47</Name>
            <Path>./ais/mine_mine.abn</Path>
        </AIScript>
        <AIScript>
            <Name>Script48</Name>
            <Path>./ais/mine_pickmine.abn</Path>
        </AIScript>
        <AIScript>
            <Name>Script49</Name>
            <Path>./ais/unknown_bldg.abn</Path>
        </AIScript>
        <AIScript>
            <Name>Script50</Name>
            <Path>./ais/armory_hmech.abn</Path>
        </AIScript>
        <AIScript>
            <Name>Script51</Name>
            <Path>./ais/researched.abn</Path>
        </AIScript>
        <AIScript>
            <Name>Script52</Name>
            <Path>./ais/armory_upgrade_groundG.abn</Path>
        </AIScript>
        <AIScript>
            <Name>Script53</Name>
            <Path>./ais/armory_upgrade_ground.abn</Path>
        </AIScript>
        <AIScript>
            <Name>Script54</Name>
            <Path>./ais/researched.abn</Path>
        </AIScript>
        <AIScript>
            <Name>Script55</Name>
            <Path>./ais/armory_extras.abn</Path>
        </AIScript>
        <AIScript>
            <Name>Script56</Name>
            <Path>./ais/armory_extrasG.abn</Path>
        </AIScript>
        <AIScript>
            <Name>Script57</Name>
            <Path>./ais/researched.abn</Path>
        </AIScript>
        <AIScript>
            <Name>Script58</Name>
            <Path>./ais/researched.abn</Path>
        </AIScript>
        <AIScript>
            <Name>Script59</Name>
            <Path>./ais/armory_gate.abn</Path>
        </AIScript>
        <AIScript>
            <Name>Script60</Name>
            <Path>./ais/armory_gateG.abn</Path>
        </AIScript>
        <AIScript>
            <Name>Script61</Name>
            <Path>./ais/unknown_bldg.abn</Path>
        </AIScript>
        <AIScript>
            <Name>Script62</Name>
            <Path>./ais/armory_upgrade_aerospace.abn</Path>
        </AIScript>
        <AIScript>
            <Name>Script63</Name>
            <Path>./ais/armory_upgrade_aerospaceG.abn</Path>
        </AIScript>
        <AIScript>
            <Name>Script64</Name>
            <Path>./ais/unknown_bldg.abn</Path>
        </AIScript>
        <AIScript>
            <Name>Script65</Name>
            <Path>./ais/unknown_bldg.abn</Path>
        </AIScript>
        <AIScript>
            <Name>Script66</Name>
            <Path>./ais/tport_out.abn</Path>
        </AIScript>
        <AIScript>
            <Name>Script67</Name>
            <Path>./ais/turret_attack.abn</Path>
        </AIScript>
        <AIScript>
            <Name>Script68</Name>
            <Path>./ais/slingshot_idle.abn</Path>
        </AIScript>
        <AIScript>
            <Name>Script69</Name>
            <Path>./ais/turret_defend.abn</Path>
        </AIScript>
        <AIScript>
            <Name>Script70</Name>
            <Path>./ais/tport_idle.abn</Path>
        </AIScript>
        <AIScript>
            <Name>Script71</Name>
            <Path>./ais/tport_setactive.abn</Path>
        </AIScript>
        <AIScript>
            <Name>Script72</Name>
            <Path>./ais/tport_move.abn</Path>
        </AIScript>
        <AIScript>
            <Name>Script73</Name>
            <Path>./ais/human_build.abn</Path>
        </AIScript>
        <AIScript>
            <Name>Script74</Name>
            <Path>./ais/cancel.abn</Path>
        </AIScript>
        <AIScript>
            <Name>Script75</Name>
            <Path>./ais/marine_mining.abn</Path>
        </AIScript>
        <AIScript>
            <Name>Script76</Name>
            <Path>./ais/marine_importer.abn</Path>
        </AIScript>
        <AIScript>
            <Name>Script77</Name>
            <Path>./ais/marine_lfactory.abn</Path>
        </AIScript>
        <AIScript>
            <Name>Script78</Name>
            <Path>./ais/marine_armory.abn</Path>
        </AIScript>
        <AIScript>
            <Name>Script79</Name>
            <Path>./ais/marine_commc.abn</Path>
        </AIScript>
        <AIScript>
            <Name>Script80</Name>
            <Path>./ais/8080_macrofab.abn</Path>
        </AIScript>
        <AIScript>
            <Name>Script81</Name>
            <Path>./ais/8080_turret.abn</Path>
        </AIScript>
        <AIScript>
            <Name>Script82</Name>
            <Path>./ais/tport_active.abn</Path>
        </AIScript>
        <AIScript>
            <Name>Script83</Name>
            <Path>./ais/researched.abn</Path>
        </AIScript>
        <AIScript>
            <Name>Script84</Name>
            <Path>./ais/unknown.abn</Path>
        </AIScript>
        <AIScript>
            <Name>Script85</Name>
            <Path>./ais/unknown.abn</Path>
        </AIScript>
        <AIScript>
            <Name>Script86</Name>
            <Path>./ais/8080_sslingshot.abn</Path>
        </AIScript>
        <AIScript>
            <Name>Script87</Name>
            <Path>./ais/unknown.abn</Path>
        </AIScript>
        <AIScript>
            <Name>Script88</Name>
            <Path>./ais/8080_teleporter.abn</Path>
        </AIScript>
        <AIScript>
            <Name>Script89</Name>
            <Path>./ais/unknown.abn</Path>
        </AIScript>
        <AIScript>
            <Name>Script90</Name>
            <Path>./ais/8080_chronoporter.abn</Path>
        </AIScript>
        <AIScript>
            <Name>Script91</Name>
            <Path>./ais/unknown.abn</Path>
        </AIScript>
        <AIScript>
            <Name>Script92</Name>
            <Path>./ais/8080_carrier.abn</Path>
        </AIScript>
        <AIScript>
            <Name>Script93</Name>
            <Path>./ais/mech_importer.abn</Path>
        </AIScript>
        <AIScript>
            <Name>Script94</Name>
            <Path>./ais/mech_armory.abn</Path>
        </AIScript>
        <AIScript>
            <Name>Script95</Name>
            <Path>./ais/macrofab_mfb.abn</Path>
        </AIScript>
        <AIScript>
            <Name>Script96</Name>
            <Path>./ais/macrofab_blackbird.abn</Path>
        </AIScript>
        <AIScript>
            <Name>Script97</Name>
            <Path>./ais/researched.abn</Path>
        </AIScript>
        <AIScript>
            <Name>Script98</Name>
            <Path>./ais/researched.abn</Path>
        </AIScript>
        <AIScript>
            <Name>Script99</Name>
            <Path>./ais/pulser_idle.abn</Path>
        </AIScript>
        <AIScript>
            <Name>Script100</Name>
            <Path>./ais/sop_idle.abn</Path>
        </AIScript>
        <AIScript>
            <Name>Script101</Name>
            <Path>./ais/athc_idle.abn</Path>
        </AIScript>
        <AIScript>
            <Name>Script102</Name>
            <Path>./ais/frigate_idle.abn</Path>
        </AIScript>
        <AIScript>
            <Name>Script103</Name>
            <Path>./ais/mfb_idle.abn</Path>
        </AIScript>
        <AIScript>
            <Name>Script104</Name>
            <Path>./ais/blackbird_idle.abn</Path>
        </AIScript>
        <AIScript>
            <Name>Script105</Name>
            <Path>./ais/armory_idle.abn</Path>
        </AIScript>
        <AIScript>
            <Name>Script106</Name>
            <Path>./ais/mine_idle.abn</Path>
        </AIScript>
        <AIScript>
            <Name>Script107</Name>
            <Path>./ais/macrofab_idle.abn</Path>
        </AIScript>
        <AIScript>
            <Name>Script108</Name>
            <Path>./ais/bastion_idle.abn</Path>
        </AIScript>
        <AIScript>
            <Name>Script109</Name>
            <Path>./ais/foundation_idle.abn</Path>
        </AIScript>
        <AIScript>
            <Name>Script110</Name>
            <Path>./ais/foundation_new_upleft.abn</Path>
        </AIScript>
        <AIScript>
            <Name>Script111</Name>
            <Path>./ais/foundation_new_up.abn</Path>
        </AIScript>
        <AIScript>
            <Name>Script112</Name>
            <Path>./ais/foundation_new_upright.abn</Path>
        </AIScript>
        <AIScript>
            <Name>Script113</Name>
            <Path>./ais/depot_z_pulser.abn</Path>
        </AIScript>
        <AIScript>
            <Name>Script114</Name>
            <Path>./ais/depot_t_pulser.abn</Path>
        </AIScript>
        <AIScript>
            <Name>Script115</Name>
            <Path>./ais/unknown.abn</Path>
        </AIScript>
        <AIScript>
            <Name>Script116</Name>
            <Path>./ais/depot_s_pulser.abn</Path>
        </AIScript>
        <AIScript>
            <Name>Script117</Name>
            <Path>./ais/cancel.abn</Path>
        </AIScript>
        <AIScript>
            <Name>Script118</Name>
            <Path>./ais/depot_z_tercher.abn</Path>
        </AIScript>
        <AIScript>
            <Name>Script119</Name>
            <Path>./ais/unknown.abn</Path>
        </AIScript>
        <AIScript>
            <Name>Script120</Name>
            <Path>./ais/depot_t_tercher.abn</Path>
        </AIScript>
        <AIScript>
            <Name>Script121</Name>
            <Path>./ais/unknown.abn</Path>
        </AIScript>
        <AIScript>
            <Name>Script122</Name>
            <Path>./ais/depot_s_tercher.abn</Path>
        </AIScript>
        <AIScript>
            <Name>Script123</Name>
            <Path>./ais/blank.abn</Path>
        </AIScript>
        <AIScript>
            <Name>Script124</Name>
            <Path>./ais/unknown.abn</Path>
        </AIScript>
        <AIScript>
            <Name>Script125</Name>
            <Path>./ais/depot_z_halcyon.abn</Path>
        </AIScript>
        <AIScript>
            <Name>Script126</Name>
            <Path>./ais/unknown.abn</Path>
        </AIScript>
        <AIScript>
            <Name>Script127</Name>
            <Path>./ais/depot_t_halcyon.abn</Path>
        </AIScript>
        <AIScript>
            <Name>Script128</Name>
            <Path>./ais/unknown.abn</Path>
        </AIScript>
        <AIScript>
            <Name>Script129</Name>
            <Path>./ais/depot_s_halcyon.abn</Path>
        </AIScript>
        <AIScript>
            <Name>Script130</Name>
            <Path>./ais/unknown.abn</Path>
        </AIScript>
        <AIScript>
            <Name>Script131</Name>
            <Path>./ais/commc_autocommandon.abn</Path>
        </AIScript>
        <AIScript>
            <Name>Script132</Name>
            <Path>./ais/commc_autocommandoff.abn</Path>
        </AIScript>
        <AIScript>
            <Name>Script133</Name>
            <Path>./ais/commc_propagateon.abn</Path>
        </AIScript>
        <AIScript>
            <Name>Script134</Name>
            <Path>./ais/commc_propagateoff.abn</Path>
        </AIScript>
        <AIScript>
            <Name>Script135</Name>
            <Path>./ais/annex_autodefenceG.abn</Path>
        </AIScript>
        <AIScript>
            <Name>Script136</Name>
            <Path>./ais/annex_autodefence.abn</Path>
        </AIScript>
        <AIScript>
            <Name>Script137</Name>
            <Path>./ais/researched.abn</Path>
        </AIScript>
        <AIScript>
            <Name>Script138</Name>
            <Path>./ais/annex_halcyonG.abn</Path>
        </AIScript>
        <AIScript>
            <Name>Script139</Name>
            <Path>./ais/annex_halcyon.abn</Path>
        </AIScript>
        <AIScript>
            <Name>Script140</Name>
            <Path>./ais/researched.abn</Path>
        </AIScript>
        <AIScript>
            <Name>Script141</Name>
            <Path>./ais/annex_extrasG.abn</Path>
        </AIScript>
        <AIScript>
            <Name>Script142</Name>
            <Path>./ais/annex_extras.abn</Path>
        </AIScript>
        <AIScript>
            <Name>Script143</Name>
            <Path>./ais/researched.abn</Path>
        </AIScript>
        <AIScript>
            <Name>Script144</Name>
            <Path>./ais/foundation_annex.abn</Path>
        </AIScript>
        <AIScript>
            <Name>Script145</Name>
            <Path>./ais/tss.abn</Path>
        </AIScript>
        <AIScript>
            <Name>Script146</Name>
            <Path>./ais/unknown.abn</Path>
        </AIScript>
        <AIScript>
            <Name>Script147</Name>
            <Path>./ais/annex_gatetechG.abn</Path>
        </AIScript>
        <AIScript>
            <Name>Script148</Name>
            <Path>./ais/annex_gatetech.abn</Path>
        </AIScript>
        <AIScript>
            <Name>Script149</Name>
            <Path>./ais/researched.abn</Path>
        </AIScript>
        <AIScript>
            <Name>Script150</Name>
            <Path>./ais/unknown.abn</Path>
        </AIScript>
        <AIScript>
            <Name>Script151</Name>
            <Path>./ais/blank.abn</Path>
        </AIScript>
        <AIScript>
            <Name>Script152</Name>
            <Path>./ais/unknown.abn</Path>
        </AIScript>
        <AIScript>
            <Name>Script153</Name>
            <Path>./ais/annex_weaponsG.abn</Path>
        </AIScript>
        <AIScript>
            <Name>Script154</Name>
            <Path>./ais/annex_weapons.abn</Path>
        </AIScript>
        <AIScript>
            <Name>Script155</Name>
            <Path>./ais/researched.abn</Path>
        </AIScript>
        <AIScript>
            <Name>Script156</Name>
            <Path>./ais/annex_powerG.abn</Path>
        </AIScript>
        <AIScript>
            <Name>Script157</Name>
            <Path>./ais/annex_power.abn</Path>
        </AIScript>
        <AIScript>
            <Name>Script158</Name>
            <Path>./ais/researched.abn</Path>
        </AIScript>
        <AIScript>
            <Name>Script159</Name>
            <Path>./ais/clearnanite.abn</Path>
        </AIScript>
        <AIScript>
            <Name>Script160</Name>
            <Path>./ais/slipgate_repel.abn</Path>
        </AIScript>
        <AIScript>
            <Name>Script161</Name>
            <Path>./ais/slipgate_norepel.abn</Path>
        </AIScript>
        <AIScript>
            <Name>Script162</Name>
            <Path>./ais/turret_breaktss.abn</Path>
        </AIScript>
        <AIScript>
            <Name>Script163</Name>
            <Path>./ais/foundation_new_downleft.abn</Path>
        </AIScript>
        <AIScript>
            <Name>Script164</Name>
            <Path>./ais/foundation_new_down.abn</Path>
        </AIScript>
        <AIScript>
            <Name>Script165</Name>
            <Path>./ais/foundation_new_downright.abn</Path>
        </AIScript>
        <AIScript>
            <Name>Script166</Name>
            <Path>./ais/foundation_acc.abn</Path>
        </AIScript>
        <AIScript>
            <Name>Script167</Name>
            <Path>./ais/unknown.abn</Path>
        </AIScript>
        <AIScript>
            <Name>Script168</Name>
            <Path>./ais/foundation_depot.abn</Path>
        </AIScript>
        <AIScript>
            <Name>Script169</Name>
            <Path>./ais/unknown.abn</Path>
        </AIScript>
        <AIScript>
            <Name>Script170</Name>
            <Path>./ais/foundation_bastion.abn</Path>
        </AIScript>
        <AIScript>
            <Name>Script171</Name>
            <Path>./ais/deploy.abn</Path>
        </AIScript>
        <AIScript>
            <Name>Script172</Name>
            <Path>./ais/annex_zayin.abn</Path>
        </AIScript>
        <AIScript>
            <Name>Script173</Name>
            <Path>./ais/greyout.abn</Path>
        </AIScript>
        <AIScript>
            <Name>Script174</Name>
            <Path>./ais/annex_teth.abn</Path>
        </AIScript>
        <AIScript>
            <Name>Script175</Name>
            <Path>./ais/greyout.abn</Path>
        </AIScript>
        <AIScript>
            <Name>Script176</Name>
            <Path>./ais/annex_shin.abn</Path>
        </AIScript>
        <AIScript>
            <Name>Script177</Name>
            <Path>./ais/depot_vehicles.abn</Path>
        </AIScript>
        <AIScript>
            <Name>Script178</Name>
            <Path>./ais/depot_vehiclesG.abn</Path>
        </AIScript>
        <AIScript>
            <Name>Script179</Name>
            <Path>./ais/greyout.abn</Path>
        </AIScript>
        <AIScript>
            <Name>Script180</Name>
            <Path>./ais/acc_torpedo.abn</Path>
        </AIScript>
        <AIScript>
            <Name>Script181</Name>
            <Path>./ais/stopmove.abn</Path>
        </AIScript>
        <AIScript>
            <Name>Script182</Name>
            <Path>./ais/plant_dispatch.abn</Path>
        </AIScript>
        <AIScript>
            <Name>Script183</Name>
            <Path>./ais/rp_plant.abn</Path>
        </AIScript>
        <AIScript>
            <Name>Script184</Name>
            <Path>./ais/researched.abn</Path>
        </AIScript>
        <AIScript>
            <Name>Script185</Name>
            <Path>./ais/predeploy.abn</Path>
        </AIScript>
        <AIScript>
            <Name>Script186</Name>
            <Path>./ais/unknown.abn</Path>
        </AIScript>
        <AIScript>
            <Name>Script187</Name>
            <Path>./ais/foundation_slipgate.abn</Path>
        </AIScript>
        <AIScript>
            <Name>Script188</Name>
            <Path>./ais/greyout.abn</Path>
        </AIScript>
        <AIScript>
            <Name>Script189</Name>
            <Path>./ais/startmove.abn</Path>
        </AIScript>
        <AIScript>
            <Name>Script190</Name>
            <Path>./ais/unknown.abn</Path>
        </AIScript>
        <AIScript>
            <Name>Script191</Name>
            <Path>./ais/unknown.abn</Path>
        </AIScript>
        <AIScript>
            <Name>Script192</Name>
            <Path>./ais/foundation_incepter.abn</Path>
        </AIScript>
        <AIScript>
            <Name>Script193</Name>
            <Path>./ais/attackU_dispatch.abn</Path>
        </AIScript>
        <AIScript>
            <Name>Script194</Name>
            <Path>./ais/attack.abn</Path>
        </AIScript>
        <AIScript>
            <Name>Script195</Name>
            <Path>./ais/attack_unit.abn</Path>
        </AIScript>
        <AIScript>
            <Name>Script196</Name>
            <Path>./ais/attack_dispatch.abn</Path>
        </AIScript>
        <AIScript>
            <Name>Script197</Name>
            <Path>./ais/stop.abn</Path>
        </AIScript>
        <AIScript>
            <Name>Script198</Name>
            <Path>./ais/patrol_dispatch.abn</Path>
        </AIScript>
        <AIScript>
            <Name>Script199</Name>
            <Path>./ais/patrol.abn</Path>
        </AIScript>
        <AIScript>
            <Name>Script200</Name>
            <Path>./ais/priority.abn</Path>
        </AIScript>
        <AIScript>
            <Name>Script201</Name>
            <Path>./ais/priorityG.abn</Path>
        </AIScript>
        <AIScript>
            <Name>Script202</Name>
            <Path>./ais/change_commander.abn</Path>
        </AIScript>
        <AIScript>
            <Name>Script203</Name>
            <Path>./ais/change_commander_carry.abn</Path>
        </AIScript>
        <AIScript>
            <Name>Script204</Name>
            <Path>./ais/clear_commander.abn</Path>
        </AIScript>
        <AIScript>
            <Name>Script205</Name>
            <Path>./ais/unknown.abn</Path>
        </AIScript>
        <AIScript>
            <Name>Script206</Name>
            <Path>./ais/teleportme.abn</Path>
        </AIScript>
        <AIScript>
            <Name>Script207</Name>
            <Path>./ais/halcyon_skip.abn</Path>
        </AIScript>
        <AIScript>
            <Name>Script208</Name>
            <Path>./ais/teleportmeG.abn</Path>
        </AIScript>
        <AIScript>
            <Name>Script209</Name>
            <Path>./ais/unknown.abn</Path>
        </AIScript>
        <AIScript>
            <Name>Script210</Name>
            <Path>./ais/chronoportme.abn</Path>
        </AIScript>
        <AIScript>
            <Name>Script211</Name>
            <Path>./ais/grekim_cast.abn</Path>
        </AIScript>
        <AIScript>
            <Name>Script212</Name>
            <Path>./ais/chronoportmeG.abn</Path>
        </AIScript>
        <AIScript>
            <Name>Script213</Name>
            <Path>./ais/moveaway.abn</Path>
        </AIScript>
        <AIScript>
            <Name>Script214</Name>
            <Path>./ais/force_commander.abn</Path>
        </AIScript>
        <AIScript>
            <Name>Script215</Name>
            <Path>./ais/pickup.abn</Path>
        </AIScript>
        <AIScript>
            <Name>Script216</Name>
            <Path>./ais/marine_hitch.abn</Path>
        </AIScript>
        <AIScript>
            <Name>Script217</Name>
            <Path>./ais/blank.abn</Path>
        </AIScript>
        <AIScript>
            <Name>Script218</Name>
            <Path>./ais/release.abn</Path>
        </AIScript>
        <AIScript>
            <Name>Script219</Name>
            <Path>./ais/releaseAll.abn</Path>
        </AIScript>
        <AIScript>
            <Name>Script220</Name>
            <Path>./ais/mfb_recover.abn</Path>
        </AIScript>
        <AIScript>
            <Name>Script221</Name>
            <Path>./ais/recover.abn</Path>
        </AIScript>
        <AIScript>
            <Name>Script222</Name>
            <Path>./ais/repair.abn</Path>
        </AIScript>
        <AIScript>
            <Name>Script223</Name>
            <Path>./ais/sop_heal.abn</Path>
        </AIScript>
        <AIScript>
            <Name>Script224</Name>
            <Path>./ais/breaktss.abn</Path>
        </AIScript>
        <AIScript>
            <Name>Script225</Name>
            <Path>./ais/naniteclear.abn</Path>
        </AIScript>
        <AIScript>
            <Name>Script226</Name>
            <Path>./ais/unknown.abn</Path>
        </AIScript>
        <AIScript>
            <Name>Script227</Name>
            <Path>./ais/comm_jam.abn</Path>
        </AIScript>
        <AIScript>
            <Name>Script228</Name>
            <Path>./ais/unknown_ap.abn</Path>
        </AIScript>
        <AIScript>
            <Name>Script229</Name>
            <Path>./ais/unknown.abn</Path>
        </AIScript>
        <AIScript>
            <Name>Script230</Name>
            <Path>./ais/stopfreeze.abn</Path>
        </AIScript>
        <AIScript>
            <Name>Script231</Name>
            <Path>./ais/unknown.abn</Path>
        </AIScript>
        <AIScript>
            <Name>Script232</Name>
            <Path>./ais/nanite.abn</Path>
        </AIScript>
        <AIScript>
            <Name>Script233</Name>
            <Path>./ais/clearnanite.abn</Path>
        </AIScript>
        <AIScript>
            <Name>Script234</Name>
            <Path>./ais/tank_upgrade.abn</Path>
        </AIScript>
        <AIScript>
            <Name>Script235</Name>
            <Path>./ais/human_tank_automerge.abn</Path>
        </AIScript>
        <AIScript>
            <Name>Script236</Name>
            <Path>./ais/human_tank_merge.abn</Path>
        </AIScript>
        <AIScript>
            <Name>Script237</Name>
            <Path>./ais/tank_done_upgrade.abn</Path>
        </AIScript>
        <AIScript>
            <Name>Script238</Name>
            <Path>./ais/blank.abn</Path>
        </AIScript>
        <AIScript>
            <Name>Script239</Name>
            <Path>./ais/tank_release.abn</Path>
        </AIScript>
        <AIScript>
            <Name>Script240</Name>
            <Path>./ais/turret_upgrade.abn</Path>
        </AIScript>
        <AIScript>
            <Name>Script241</Name>
            <Path>./ais/cruiser_nuke_dispatch.abn</Path>
        </AIScript>
        <AIScript>
            <Name>Script242</Name>
            <Path>./ais/cruiser_drop_nuke.abn</Path>
        </AIScript>
        <AIScript>
            <Name>Script243</Name>
            <Path>./ais/cruiser_reload.abn</Path>
        </AIScript>
        <AIScript>
            <Name>Script244</Name>
            <Path>./ais/unknown.abn</Path>
        </AIScript>
        <AIScript>
            <Name>Script245</Name>
            <Path>./ais/human_build.abn</Path>
        </AIScript>
        <AIScript>
            <Name>Script246</Name>
            <Path>./ais/vir_rp.abn</Path>
        </AIScript>
        <AIScript>
            <Name>Script247</Name>
            <Path>./ais/vir2_hub.abn</Path>
        </AIScript>
        <AIScript>
            <Name>Script248</Name>
            <Path>./ais/vir3_foundation.abn</Path>
        </AIScript>
        <AIScript>
            <Name>Script249</Name>
            <Path>./ais/vecgir_pilot_pulser.abn</Path>
        </AIScript>
        <AIScript>
            <Name>Script250</Name>
            <Path>./ais/vecgir_pilot_tercher.abn</Path>
        </AIScript>
        <AIScript>
            <Name>Script251</Name>
            <Path>./ais/vecgir_pilot_halcyon.abn</Path>
        </AIScript>
        <AIScript>
            <Name>Script252</Name>
            <Path>./ais/vecgir_pilot.abn</Path>
        </AIScript>
        <AIScript>
            <Name>Script253</Name>
            <Path>./ais/unknown.abn</Path>
        </AIScript>
        <AIScript>
            <Name>Script254</Name>
            <Path>./ais/cancel.abn</Path>
        </AIScript>
        <AIScript>
            <Name>Script255</Name>
            <Path>./ais/vecgir_upgradeskip.abn</Path>
        </AIScript>
        <AIScript>
            <Name>Script257</Name>
            <Path>./ais/unknown.abn</Path>
        </AIScript>
        <AIScript>
            <Name>Script258</Name>
            <Path>./ais/octo_hole_morph.abn</Path>
        </AIScript>
        <AIScript>
            <Name>Script259</Name>
            <Path>./ais/octo_dome.abn</Path>
        </AIScript>
        <AIScript>
            <Name>Script260</Name>
            <Path>./ais/unknown.abn</Path>
        </AIScript>
        <AIScript>
            <Name>Script261</Name>
            <Path>./ais/grekim_octo.abn</Path>
        </AIScript>
        <AIScript>
            <Name>Script262</Name>
            <Path>./ais/unknown.abn</Path>
        </AIScript>
        <AIScript>
            <Name>Script263</Name>
            <Path>./ais/grekim_sepia.abn</Path>
        </AIScript>
        <AIScript>
            <Name>Script264</Name>
            <Path>./ais/unknown.abn</Path>
        </AIScript>
        <AIScript>
            <Name>Script265</Name>
            <Path>./ais/grekim_pharao.abn</Path>
        </AIScript>
        <AIScript>
            <Name>Script266</Name>
            <Path>./ais/grekim_cancel_all.abn</Path>
        </AIScript>
        <AIScript>
            <Name>Script267</Name>
            <Path>./ais/unknown.abn</Path>
        </AIScript>
        <AIScript>
            <Name>Script268</Name>
            <Path>./ais/grekim_octo2.abn</Path>
        </AIScript>
        <AIScript>
            <Name>Script269</Name>
            <Path>./ais/unknown.abn</Path>
        </AIScript>
        <AIScript>
            <Name>Script270</Name>
            <Path>./ais/grekim_sepia2.abn</Path>
        </AIScript>
        <AIScript>
            <Name>Script271</Name>
            <Path>./ais/unknown.abn</Path>
        </AIScript>
        <AIScript>
            <Name>Script272</Name>
            <Path>./ais/grekim_pharao2.abn</Path>
        </AIScript>
        <AIScript>
            <Name>Script273</Name>
            <Path>./ais/grekim_cancel_all.abn</Path>
        </AIScript>
        <AIScript>
            <Name>Script274</Name>
            <Path>./ais/unknown.abn</Path>
        </AIScript>
        <AIScript>
            <Name>Script275</Name>
            <Path>./ais/unknown.abn</Path>
        </AIScript>
        <AIScript>
            <Name>Script276</Name>
            <Path>./ais/grekim_octo3.abn</Path>
        </AIScript>
        <AIScript>
            <Name>Script277</Name>
            <Path>./ais/unknown.abn</Path>
        </AIScript>
        <AIScript>
            <Name>Script278</Name>
            <Path>./ais/unknown.abn</Path>
        </AIScript>
        <AIScript>
            <Name>Script279</Name>
            <Path>./ais/grekim_sepia3.abn</Path>
        </AIScript>
        <AIScript>
            <Name>Script280</Name>
            <Path>./ais/unknown.abn</Path>
        </AIScript>
        <AIScript>
            <Name>Script281</Name>
            <Path>./ais/unknown.abn</Path>
        </AIScript>
        <AIScript>
            <Name>Script282</Name>
            <Path>./ais/grekim_pharao3.abn</Path>
        </AIScript>
        <AIScript>
            <Name>Script283</Name>
            <Path>./ais/unknown.abn</Path>
        </AIScript>
        <AIScript>
            <Name>Script284</Name>
            <Path>./ais/macrofab_mar.abn</Path>
        </AIScript>
        <AIScript>
            <Name>Script285</Name>
            <Path>./ais/macrofab_frigate.abn</Path>
        </AIScript>
        <AIScript>
            <Name>Script286</Name>
            <Path>./ais/unknown_bldg.abn</Path>
        </AIScript>
        <AIScript>
            <Name>Script287</Name>
            <Path>./ais/macrofab_heavyc.abn</Path>
        </AIScript>
        <AIScript>
            <Name>Script288</Name>
            <Path>./ais/factory_8080.abn</Path>
        </AIScript>
        <AIScript>
            <Name>Script289</Name>
            <Path>./ais/factory_athc.abn</Path>
        </AIScript>
        <AIScript>
            <Name>Script290</Name>
            <Path>./ais/unknown_bldg.abn</Path>
        </AIScript>
        <AIScript>
            <Name>Script291</Name>
            <Path>./ais/factory_lancer.abn</Path>
        </AIScript>
        <AIScript>
            <Name>Script292</Name>
            <Path>./ais/factory_tornade.abn</Path>
        </AIScript>
        <AIScript>
            <Name>Script293</Name>
            <Path>./ais/factory_al.abn</Path>
        </AIScript>
        <AIScript>
            <Name>Script294</Name>
            <Path>./ais/unknown_bldg.abn</Path>
        </AIScript>
        <AIScript>
            <Name>Script295</Name>
            <Path>./ais/unknown_bldg.abn</Path>
        </AIScript>
        <AIScript>
            <Name>Script296</Name>
            <Path>./ais/unknown.abn</Path>
        </AIScript>
        <AIScript>
            <Name>Script297</Name>
            <Path>./ais/unknown.abn</Path>
        </AIScript>
        <AIScript>
            <Name>Script298</Name>
            <Path>./ais/unknown.abn</Path>
        </AIScript>
        <AIScript>
            <Name>Script301</Name>
            <Path>./ais/grekim_cancel.abn</Path>
        </AIScript>
        <AIScript>
            <Name>Script302</Name>
            <Path>./ais/pharo_arcticus.abn</Path>
        </AIScript>
        <AIScript>
            <Name>Script303</Name>
            <Path>./ais/pharo_spyre.abn</Path>
        </AIScript>
        <AIScript>
            <Name>Script304</Name>
            <Path>./ais/sepi_reaph.abn</Path>
        </AIScript>
        <AIScript>
            <Name>Script305</Name>
            <Path>./ais/octo_rp.abn</Path>
        </AIScript>
        <AIScript>
            <Name>Script306</Name>
            <Path>./ais/sepi_mound.abn</Path>
        </AIScript>
        <AIScript>
            <Name>Script307</Name>
            <Path>./ais/octo_dome.abn</Path>
        </AIScript>
        <AIScript>
            <Name>Script308</Name>
            <Path>./ais/simple_morph.abn</Path>
        </AIScript>
        <AIScript>
            <Name>Script309</Name>
            <Path>./ais/sepiligo_gargantuan.abn</Path>
        </AIScript>
        <AIScript>
            <Name>Script332</Name>
            <Path>./ais/unknown.abn</Path>
        </AIScript>
        <AIScript>
            <Name>Script256</Name>
            <Path>./ais/grekim_split_down.abn</Path>
        </AIScript>
        <AIScript>
            <Name>Script299</Name>
            <Path>./ais/grekim_build.abn</Path>
        </AIScript>
        <AIScript>
            <Name>Script300</Name>
            <Path>./ais/grekim_build_fast.abn</Path>
        </AIScript>
        <AIScript>
            <Name>Script310</Name>
            <Path>./ais/sepia2_idle.abn</Path>
        </AIScript>
        <AIScript>
            <Name>Script311</Name>
            <Path>./ais/pharao2_idle.abn</Path>
        </AIScript>
        <AIScript>
            <Name>Script312</Name>
            <Path>./ais/arcticus_idle2.abn</Path>
        </AIScript>
        <AIScript>
            <Name>Script313</Name>
            <Path>./ais/arcticus_idle.abn</Path>
        </AIScript>
        <AIScript>
            <Name>Script314</Name>
            <Path>./ais/arcticus_build.abn</Path>
        </AIScript>
        <AIScript>
            <Name>Script315</Name>
            <Path>./ais/blank.abn</Path>
        </AIScript>
        <AIScript>
            <Name>Script316</Name>
            <Path>./ais/arcticus_octo.abn</Path>
        </AIScript>
        <AIScript>
            <Name>Script317</Name>
            <Path>./ais/arcticus_sepia.abn</Path>
        </AIScript>
        <AIScript>
            <Name>Script318</Name>
            <Path>./ais/arcticus_pharao.abn</Path>
        </AIScript>
        <AIScript>
            <Name>Script319</Name>
            <Path>./ais/arcticus_relink.abn</Path>
        </AIScript>
        <AIScript>
            <Name>Script320</Name>
            <Path>./ais/arcticus_dispatch_move.abn</Path>
        </AIScript>
        <AIScript>
            <Name>Script321</Name>
            <Path>./ais/arcticus_dispatch_attack.abn</Path>
        </AIScript>
        <AIScript>
            <Name>Script322</Name>
            <Path>./ais/arcticus_dispatch_Uattack.abn</Path>
        </AIScript>
        <AIScript>
            <Name>Script323</Name>
            <Path>./ais/arcticus_dispatch_stop.abn</Path>
        </AIScript>
        <AIScript>
            <Name>Script324</Name>
            <Path>./ais/arcticus_dispatch_chronoport.abn</Path>
        </AIScript>
        <AIScript>
            <Name>Script325</Name>
            <Path>./ais/spyre_pharo.abn</Path>
        </AIScript>
        <AIScript>
            <Name>Script326</Name>
            <Path>./ais/dome_beam.abn</Path>
        </AIScript>
        <AIScript>
            <Name>Script327</Name>
            <Path>./ais/bomb_go.abn</Path>
        </AIScript>
        <AIScript>
            <Name>Script328</Name>
            <Path>./ais/reaph_idle.abn</Path>
        </AIScript>
        <AIScript>
            <Name>Script329</Name>
            <Path>./ais/greyout.abn</Path>
        </AIScript>
        <AIScript>
            <Name>Script330</Name>
            <Path>./ais/clearnanite.abn</Path>
        </AIScript>
        <AIScript>
            <Name>Script331</Name>
            <Path>./ais/tss.abn</Path>
        </AIScript>
        <AIScript>
            <Name>Script333</Name>
            <Path>./ais/greyout.abn</Path>
        </AIScript>
        <AIScript>
            <Name>Script334</Name>
            <Path>./ais/reaph_bomb.abn</Path>
        </AIScript>
        <AIScript>
            <Name>Script335</Name>
            <Path>./ais/unknown.abn</Path>
        </AIScript>
        <AIScript>
            <Name>Script336</Name>
            <Path>./ais/unknown.abn</Path>
        </AIScript>
        <AIScript>
            <Name>Script337</Name>
            <Path>./ais/greyout.abn</Path>
        </AIScript>
        <AIScript>
            <Name>Script338</Name>
            <Path>./ais/reaph_chronobomb.abn</Path>
        </AIScript>
        <AIScript>
            <Name>Script339</Name>
            <Path>./ais/unknown.abn</Path>
        </AIScript>
        <AIScript>
            <Name>Script340</Name>
            <Path>./ais/reaph_advbuildings.abn</Path>
        </AIScript>
        <AIScript>
            <Name>Script341</Name>
            <Path>./ais/reaph_advbuildingsG.abn</Path>
        </AIScript>
        <AIScript>
            <Name>Script342</Name>
            <Path>./ais/researched.abn</Path>
        </AIScript>
        <AIScript>
            <Name>Script343</Name>
            <Path>./ais/unknown.abn</Path>
        </AIScript>
        <AIScript>
            <Name>Script344</Name>
            <Path>./ais/reaph_loligo.abn</Path>
        </AIScript>
        <AIScript>
            <Name>Script345</Name>
            <Path>./ais/reaph_loligoG.abn</Path>
        </AIScript>
        <AIScript>
            <Name>Script346</Name>
            <Path>./ais/researched.abn</Path>
        </AIScript>
        <AIScript>
            <Name>Script347</Name>
            <Path>./ais/unknown.abn</Path>
        </AIScript>
        <AIScript>
            <Name>Script348</Name>
            <Path>./ais/reaph_extras.abn</Path>
        </AIScript>
        <AIScript>
            <Name>Script349</Name>
            <Path>./ais/reaph_extrasG.abn</Path>
        </AIScript>
        <AIScript>
            <Name>Script350</Name>
            <Path>./ais/researched.abn</Path>
        </AIScript>
        <AIScript>
            <Name>Script351</Name>
            <Path>./ais/unknown.abn</Path>
        </AIScript>
        <AIScript>
            <Name>Script352</Name>
            <Path>./ais/reaph_chronoporting.abn</Path>
        </AIScript>
        <AIScript>
            <Name>Script353</Name>
            <Path>./ais/reaph_chronoportingG.abn</Path>
        </AIScript>
        <AIScript>
            <Name>Script354</Name>
            <Path>./ais/researched.abn</Path>
        </AIScript>
        <AIScript>
            <Name>Script355</Name>
            <Path>./ais/unknown.abn</Path>
        </AIScript>
        <AIScript>
            <Name>Script356</Name>
            <Path>./ais/reaph_weapons.abn</Path>
        </AIScript>
        <AIScript>
            <Name>Script357</Name>
            <Path>./ais/reaph_weaponsG.abn</Path>
        </AIScript>
        <AIScript>
            <Name>Script358</Name>
            <Path>./ais/researched.abn</Path>
        </AIScript>
        <AIScript>
            <Name>Script359</Name>
            <Path>./ais/tercher2_idle.abn</Path>
        </AIScript>
        <AIScript>
            <Name>Script360</Name>
            <Path>./ais/pulser3_idle.abn</Path>
        </AIScript>
        <AIScript>
            <Name>Script361</Name>
            <Path>./ais/vecgir_eject.abn</Path>
        </AIScript>
        <AIScript>
            <Name>Script362</Name>
            <Path>./ais/acc_idle.abn</Path>
        </AIScript>
        <AIScript>
            <Name>Script363</Name>
            <Path>./ais/annex_idle.abn</Path>
        </AIScript>
        <AIScript>
            <Name>Script364</Name>
            <Path>./ais/depot_idle.abn</Path>
        </AIScript>
        <AIScript>
            <Name>Script365</Name>
            <Path>./ais/slipgate_idle.abn</Path>
        </AIScript>
        <AIScript>
            <Name>Script366</Name>
            <Path>./ais/chronobomb_go.abn</Path>
        </AIScript>
        <AIScript>
            <Name>Script367</Name>
            <Path>./ais/chronobomb_act.abn</Path>
        </AIScript>
        <AIScript>
            <Name>Script368</Name>
            <Path>./ais/torpedo_go.abn</Path>
        </AIScript>
        <AIScript>
            <Name>Script369</Name>
            <Path>./ais/rp_skip.abn</Path>
        </AIScript>
        <AIScript>
            <Name>Script370</Name>
            <Path>./ais/unknown.abn</Path>
        </AIScript>
        <AIScript>
            <Name>Script371</Name>
            <Path>./ais/blank.abn</Path>
        </AIScript>
        <AIScript>
            <Name>Script372</Name>
            <Path>./ais/convert_qp.abn</Path>
        </AIScript>
        <AIScript>
            <Name>Script373</Name>
            <Path>./ais/chooser_human.abn</Path>
        </AIScript>
        <AIScript>
            <Name>Script374</Name>
            <Path>./ais/chooser_vecgir.abn</Path>
        </AIScript>
        <AIScript>
            <Name>Script375</Name>
            <Path>./ais/chooser_grekim.abn</Path>
        </AIScript>
        <AIScript>
            <Name>Script376</Name>
            <Path>./ais/chooser_random.abn</Path>
        </AIScript>
        <AIScript>
            <Name>Script377</Name>
            <Path>./ais/uc_relocate.abn</Path>
        </AIScript>
        <AIScript>
            <Name>Script378</Name>
            <Path>./ais/uc_change_controller.abn</Path>
        </AIScript>
        <AIScript>
            <Name>Script379</Name>
            <Path>./ais/uc_create_unit.abn</Path>
        </AIScript>
        <AIScript>
            <Name>Script380</Name>
            <Path>./ais/uc_release_next.abn</Path>
        </AIScript>
        <AIScript>
            <Name>Script381</Name>
            <Path>./ais/uc_take_unit.abn</Path>
        </AIScript>
        <AIScript>
            <Name>Script382</Name>
            <Path>./ais/grekim_octoRP.abn</Path>
        </AIScript>
        <AIScript>
            <Name>Script383</Name>
            <Path>./ais/grekim_octoRPdispatch.abn</Path>
        </AIScript>
        <AIScript>
            <Name>Script384</Name>
            <Path>./ais/uc_teleport_unit.abn</Path>
        </AIScript>
        <AIScript>
            <Name>Script385</Name>
            <Path>./ais/uc_kill_unit.abn</Path>
        </AIScript>
        <AIScript>
            <Name>Script386</Name>
            <Path>./ais/uc_attack.abn</Path>
        </AIScript>
        <AIScript>
            <Name>Script387</Name>
            <Path>./ais/tport_fakespin.abn</Path>
        </AIScript>
        <AIScript>
            <Name>Script388</Name>
            <Path>./ais/uc_rotate_unit.abn</Path>
        </AIScript>
        <AIScript>
            <Name>Script389</Name>
            <Path>./ais/auto_reactivate.abn</Path>
        </AIScript>
        <AIScript>
            <Name>Script390</Name>
            <Path>./ais/building_common_relocate.abn</Path>
        </AIScript>
        <AIScript>
            <Name>Script391</Name>
            <Path>./ais/building_common_off.abn</Path>
        </AIScript>
        <AIScript>
            <Name>Script392</Name>
            <Path>./ais/rally_on_unit.abn</Path>
        </AIScript>
        <AIScript>
            <Name>Script393</Name>
            <Path>./ais/arcticus_dispatch_RP.abn</Path>
        </AIScript>
        <AIScript>
            <Name>Script394</Name>
            <Path>./ais/arcticus_dispatch_mound.abn</Path>
        </AIScript>
        <AIScript>
            <Name>Script395</Name>
            <Path>./ais/arcticus_dispatch_reaph.abn</Path>
        </AIScript>
        <AIScript>
            <Name>Script396</Name>
            <Path>./ais/arcticus_dispatch_arcticus.abn</Path>
        </AIScript>
        <AIScript>
            <Name>Script397</Name>
            <Path>./ais/arcticus_dispatch_spyre.abn</Path>
        </AIScript>
        <AIScript>
            <Name>Script398</Name>
            <Path>./ais/unknown.abn</Path>
        </AIScript>
        <AIScript>
            <Name>Script399</Name>
            <Path>./ais/arcticus_dispatch_dome.abn</Path>
        </AIScript>
        <AIScript>
            <Name>Script400</Name>
            <Path>./ais/unknown.abn</Path>
        </AIScript>
        <AIScript>
            <Name>Script401</Name>
            <Path>./ais/incepter_repel.abn</Path>
        </AIScript>
        <AIScript>
            <Name>Script402</Name>
            <Path>./ais/slipgate_fakespin.abn</Path>
        </AIScript>
        <AIScript>
            <Name>Script403</Name>
            <Path>./ais/bomb_explode.abn</Path>
        </AIScript>
        <AIScript>
            <Name>Script404</Name>
            <Path>./ais/rp_move_skip.abn</Path>
        </AIScript>
        <AIScript>
            <Name>Script405</Name>
            <Path>./ais/prison.abn</Path>
        </AIScript>
        <AIScript>
            <Name>Script406</Name>
            <Path>./ais/uc_launch_torpedo.abn</Path>
        </AIScript>
        <AIScript>
            <Name>Script407</Name>
            <Path>./ais/slipgate_faketport.abn</Path>
        </AIScript>
        <AIScript>
            <Name>Script408</Name>
            <Path>./ais/nothing.abn</Path>
        </AIScript>
        <AIScript>
            <Name>Script409</Name>
            <Path>./ais/elder_idle.abn</Path>
        </AIScript>
        <AIScript>
            <Name>Script410</Name>
            <Path>./ais/achron_idle.abn</Path>
        </AIScript>
        <AIScript>
            <Name>Script411</Name>
            <Path>./ais/cloak.abn</Path>
        </AIScript>
        <AIScript>
            <Name>Script412</Name>
            <Path>./ais/uncloak.abn</Path>
        </AIScript>
        <AIScript>
            <Name>Script413</Name>
            <Path>./ais/set_idle.abn</Path>
        </AIScript>
        <AIScript>
            <Name>Script414</Name>
            <Path>./ais/vendor_idle.abn</Path>
        </AIScript>
        <AIScript>
            <Name>Script415</Name>
            <Path>./ais/offspring_dispatch.abn</Path>
        </AIScript>
        <AIScript>
            <Name>Script416</Name>
            <Path>./ais/repeat_progen.abn</Path>
        </AIScript>
        <AIScript>
            <Name>Script417</Name>
            <Path>./ais/set_idle.abn</Path>
        </AIScript>
        <AIScript>
            <Name>Script418</Name>
            <Path>./ais/stopfreezebeam.abn</Path>
        </AIScript>
        <AIScript>
            <Name>Script419</Name>
            <Path>./ais/unknown.abn</Path>
        </AIScript>
        <AIScript>
            <Name>Script420</Name>
            <Path>./ais/simple_morph.abn</Path>
        </AIScript>
        <AIScript>
            <Name>Script421</Name>
            <Path>./ais/unknown.abn</Path>
        </AIScript>
        <AIScript>
            <Name>Script422</Name>
            <Path>./ais/wreckage_idle.abn</Path>
        </AIScript>
        <AIScript>
            <Name>Script423</Name>
            <Path>./ais/annex_weapons.abn</Path>
        </AIScript>
				<AIScript>
            <Name>Script424</Name>
            <Path>./ais/unknown.abn</Path>
        </AIScript>
				<AIScript>
            <Name>Script425</Name>
            <Path>./ais/unknown.abn</Path>
        </AIScript>
    </AIScripts>
