        <AIScript>
            <Name>Script411</Name>
            <Path>./ais/cloak.abn</Path>
        </AIScript>
        <AIScript>
            <Name>Script412</Name>
            <Path>./ais/uncloak.abn</Path>
        </AIScript>
        <AIScript>
            <Name>Script413</Name>
            <Path>./ais/set_idle.abn</Path>
        </AIScript>
        <AIScript>
            <Name>Script414</Name>
            <Path>./ais/vendor_idle.abn</Path>
        </AIScript>
        <AIScript>
            <Name>Script415</Name>
            <Path>./ais/offspring_dispatch.abn</Path>
        </AIScript>
        <AIScript>
            <Name>Script416</Name>
            <Path>./ais/repeat_progen.abn</Path>
        </AIScript>
        <AIScript>
            <Name>Script417</Name>
            <Path>./ais/set_idle.abn</Path>
        </AIScript>
        <AIScript>
            <Name>Script418</Name>
            <Path>./ais/stopfreezebeam.abn</Path>
        </AIScript>
        <AIScript>
            <Name>Script419</Name>
            <Path>./ais/unknown.abn</Path>
        </AIScript>
        <AIScript>
            <Name>Script420</Name>
            <Path>./ais/simple_morph.abn</Path>
        </AIScript>
        <AIScript>
            <Name>Script421</Name>
            <Path>./ais/unknown.abn</Path>
        </AIScript>
        <AIScript>
            <Name>Script422</Name>
            <Path>./ais/wreckage_idle.abn</Path>
        </AIScript>
        <AIScript>
            <Name>Script423</Name>
            <Path>./ais/annex_weapons.abn</Path>
        </AIScript>
				<AIScript>
            <Name>Script424</Name>
            <Path>./ais/unknown.abn</Path>
        </AIScript>
				<AIScript>
            <Name>Script425</Name>
            <Path>./ais/unknown.abn</Path>
        </AIScript>
				
				
    <GlobalGameResources>
        <GlobalGameResource>
            <Name>Power</Name>
            <Identifier>Power</Identifier>
            <Icon>.</Icon>
            <Type>SIGNED_INTEGER</Type>
            <NumBits>22</NumBits>
            <Scale>1</Scale>
            <Offset>0</Offset>
        </GlobalGameResource>
        <GlobalGameResource>
            <Name>L Crystals</Name>
            <Identifier>LCrystals</Identifier>
            <Icon>.</Icon>
            <Type>UNSIGNED_INTEGER</Type>
            <NumBits>19</NumBits>
            <Scale>1</Scale>
            <Offset>0</Offset>
        </GlobalGameResource>
        <GlobalGameResource>
            <Name>Reserve Soldiers</Name>
            <Identifier>RS</Identifier>
            <Icon>.</Icon>
            <Type>UNSIGNED_INTEGER</Type>
            <NumBits>13</NumBits>
            <Scale>1</Scale>
            <Offset>0</Offset>
        </GlobalGameResource>
        <GlobalGameResource>
            <Name>Q Plasma</Name>
            <Identifier>QPlasma</Identifier>
            <Icon>.</Icon>
            <Type>UNSIGNED_INTEGER</Type>
            <NumBits>17</NumBits>
            <Scale>1</Scale>
            <Offset>0</Offset>
        </GlobalGameResource>
        <TimelineStatistic>
            <Name>Special Used</Name>
            <Identifier>Specials</Identifier>
            <Row>2</Row>
            <RowHeight>0.2</RowHeight>
            <ColorR>255</ColorR>
            <ColorG>220</ColorG>
            <ColorB>90</ColorB>
            <ColorA>100</ColorA>
            <GraphType>BAR_UP</GraphType>
            <AccumulationType>TOTAL</AccumulationType>
            <NormalizationGroup>Specials</NormalizationGroup>
            <TextureFileName>./skins/images/timeline_stat_bar</TextureFileName>
            <TextureHorizontalScale>1</TextureHorizontalScale>
            <FlashWhen>GREATER</FlashWhen>
            <FlashColorR>255</FlashColorR>
            <FlashColorG>220</FlashColorG>
            <FlashColorB>90</FlashColorB>
            <FlashColorA>255</FlashColorA>
        </TimelineStatistic>
    </GlobalGameResources>