        <ObjectClass>
            <ClassNumber>4018</ClassNumber>
            <Name>Subversive</Name>
            <Description>SUBVERSIVE:&#x0D;&#x0A; &#x0D;&#x0A;Intangible agent of chaos</Description>
            <Model>./grekim/grekim_elder.mdl</Model>
            <Rank>111</Rank>
            <Type>1</Type>
            <PrioritySelectionRank>0</PrioritySelectionRank>
            <MaxHealth>600</MaxHealth>
            <MaxEnergy>250</MaxEnergy>
            <MaxArmor>0</MaxArmor>
            <MaxAmmo>0</MaxAmmo>
            <SightRadius>30</SightRadius>
            <ForwardMinSightRadius>0</ForwardMinSightRadius>
            <ReverseMaxSightRadius>0</ReverseMaxSightRadius>
            <ReverseMinSightRadius>0</ReverseMinSightRadius>
            <ForwardSightAngleOfView>360</ForwardSightAngleOfView>
            <SightHeight>30</SightHeight>
            <DistanceIndicatorRadius>0</DistanceIndicatorRadius>
            <AgilityMultiplier>1</AgilityMultiplier>
            <CarryingCapacity>0</CarryingCapacity>
            <MaxTerrainAngle>30</MaxTerrainAngle>
            <TicksToTurn45Degrees>5</TicksToTurn45Degrees>
            <HealthFieldName>Shielding</HealthFieldName>
            <EnergyFieldName></EnergyFieldName>
            <AmmoFieldName></AmmoFieldName>
            <Flags>
                <VerticalMovementAllowed>0</VerticalMovementAllowed>
                <UnaffectedByTerrain>0</UnaffectedByTerrain>
                <GainKillExperience>1</GainKillExperience>
                <RemainUpright>0</RemainUpright>
                <NonGroupSelection>0</NonGroupSelection>
                <ShowVisibilityRange>0</ShowVisibilityRange>
                <ShowThroughFogOfWar>0</ShowThroughFogOfWar>
                <AlwaysShowVisibility>0</AlwaysShowVisibility>
                <SeeThroughObjects>1</SeeThroughObjects>
                <ActiveLocatorBeacon>0</ActiveLocatorBeacon>
                <AlwaysHighlightUnit>1</AlwaysHighlightUnit>
                <AlwaysSelectable>0</AlwaysSelectable>
                <AlwaysShowDistanceIndicator>0</AlwaysShowDistanceIndicator>
                <AppearAsNoOwnerUnlessVisible>0</AppearAsNoOwnerUnlessVisible>
                <AlwaysAppearAsNoOwner>0</AlwaysAppearAsNoOwner>
                <AlwaysHighlightUnitUnlessNoOwner>0</AlwaysHighlightUnitUnlessNoOwner>
                <HideHealthField>0</HideHealthField>
                <HideEnergyField>0</HideEnergyField>
                <HideArmorField>0</HideArmorField>
                <HideAmmoField>0</HideAmmoField>
                <HideCapacityField>0</HideCapacityField>
            </Flags>
            <Cloaking>
                <Gradar>1</Gradar>
                <Detector>1</Detector>
                <Visible>1</Visible>
            </Cloaking>
            <Sensing>
                <Gradar>1</Gradar>
                <Detector>1</Detector>
                <Visible>1</Visible>
            </Sensing>
            <StoppedActionSteps />
            <ChronoportedActionSteps>
                <Step>
                    <PrimitiveAction>CONSUME_RESOURCE</PrimitiveAction>
                    <Target>SELF</Target>
                    <Type>U_OBJECTIVE</Type>
                    <ValueEval>SET_TO_VALUE</ValueEval>
                    <Value>49</Value>
                </Step>
            </ChronoportedActionSteps>
            <ChronoportArrivedActionSteps>
                <Step>
                    <PrimitiveAction>ACCUM_STATISTIC</PrimitiveAction>
                    <Target>SELF</Target>
                    <Type>CPortArrivals</Type>
                    <ValueEval>ONE</ValueEval>
                    <Value>1</Value>
                </Step>
            </ChronoportArrivedActionSteps>
            <Animations>
                <Animation>
                    <Identifier>ACTION_MOVE_SLOW</Identifier>
                    <AnimationNum>1</AnimationNum>
                    <Sound>Sound0</Sound>
                    <AnimationTime>0</AnimationTime>
                    <ShowProgress>0</ShowProgress>
                    <MorphFromActionParameterClass>0</MorphFromActionParameterClass>
                    <LobProjectilePath>0</LobProjectilePath>
                    <RenderModelExplode>0</RenderModelExplode>
                    <Conditions>
                        <Condition>
                            <Resource>U_ACTION</Resource>
                            <Comparison>EQUAL</Comparison>
                            <Value>50</Value>
                        </Condition>
                    </Conditions>
                </Animation>
                <Animation>
                    <Identifier>ACTION_DESTROY</Identifier>
                    <AnimationNum>5</AnimationNum>
                    <Sound>Sound71</Sound>
                    <AnimationTime>0</AnimationTime>
                    <ShowProgress>0</ShowProgress>
                    <MorphFromActionParameterClass>0</MorphFromActionParameterClass>
                    <LobProjectilePath>0</LobProjectilePath>
                    <RenderModelExplode>0</RenderModelExplode>
                    <Conditions>
                        <Condition>
                            <Resource>U_ACTION</Resource>
                            <Comparison>EQUAL</Comparison>
                            <Value>41</Value>
                        </Condition>
                    </Conditions>
                </Animation>
                <Animation>
                    <Identifier>ACTION_DESTROY</Identifier>
                    <AnimationNum>5</AnimationNum>
                    <Sound>Sound71</Sound>
                    <AnimationTime>0</AnimationTime>
                    <ShowProgress>0</ShowProgress>
                    <MorphFromActionParameterClass>0</MorphFromActionParameterClass>
                    <LobProjectilePath>0</LobProjectilePath>
                    <RenderModelExplode>0</RenderModelExplode>
                    <Conditions>
                        <Condition>
                            <Resource>U_ACTION</Resource>
                            <Comparison>EQUAL</Comparison>
                            <Value>40</Value>
                        </Condition>
                    </Conditions>
                </Animation>
                <Animation>
                    <Identifier>ACTION_ROTATE</Identifier>
                    <AnimationNum>0</AnimationNum>
                    <Sound>Sound0</Sound>
                    <AnimationTime>0</AnimationTime>
                    <ShowProgress>0</ShowProgress>
                    <MorphFromActionParameterClass>0</MorphFromActionParameterClass>
                    <LobProjectilePath>0</LobProjectilePath>
                    <RenderModelExplode>0</RenderModelExplode>
                    <Conditions>
                        <Condition>
                            <Resource>U_ACTION</Resource>
                            <Comparison>EQUAL</Comparison>
                            <Value>35</Value>
                        </Condition>
                    </Conditions>
                </Animation>
                <Animation>
                    <Identifier>ACTION_ERROR_CP</Identifier>
                    <AnimationNum>0</AnimationNum>
                    <Sound>Sound4</Sound>
                    <AnimationTime>0</AnimationTime>
                    <ShowProgress>0</ShowProgress>
                    <MorphFromActionParameterClass>0</MorphFromActionParameterClass>
                    <LobProjectilePath>0</LobProjectilePath>
                    <RenderModelExplode>0</RenderModelExplode>
                    <Conditions>
                        <Condition>
                            <Resource>U_ACTION</Resource>
                            <Comparison>EQUAL</Comparison>
                            <Value>33</Value>
                        </Condition>
                    </Conditions>
                </Animation>
                <Animation>
                    <Identifier>ACTION_ERROR2</Identifier>
                    <AnimationNum>0</AnimationNum>
                    <Sound>Sound2</Sound>
                    <AnimationTime>0</AnimationTime>
                    <ShowProgress>0</ShowProgress>
                    <MorphFromActionParameterClass>0</MorphFromActionParameterClass>
                    <LobProjectilePath>0</LobProjectilePath>
                    <RenderModelExplode>0</RenderModelExplode>
                    <Conditions>
                        <Condition>
                            <Resource>U_ACTION</Resource>
                            <Comparison>EQUAL</Comparison>
                            <Value>31</Value>
                        </Condition>
                    </Conditions>
                </Animation>
                <Animation>
                    <Identifier>ACTION_ERROR1</Identifier>
                    <AnimationNum>0</AnimationNum>
                    <Sound>Sound1</Sound>
                    <AnimationTime>0</AnimationTime>
                    <ShowProgress>0</ShowProgress>
                    <MorphFromActionParameterClass>0</MorphFromActionParameterClass>
                    <LobProjectilePath>0</LobProjectilePath>
                    <RenderModelExplode>0</RenderModelExplode>
                    <Conditions>
                        <Condition>
                            <Resource>U_ACTION</Resource>
                            <Comparison>EQUAL</Comparison>
                            <Value>30</Value>
                        </Condition>
                    </Conditions>
                </Animation>
                <Animation>
                    <Identifier>ACTION_SELF_UPGRADE</Identifier>
                    <AnimationNum>0</AnimationNum>
                    <Sound>Sound35</Sound>
                    <AnimationTime>0</AnimationTime>
                    <ShowProgress>1</ShowProgress>
                    <MorphFromActionParameterClass>0</MorphFromActionParameterClass>
                    <LobProjectilePath>0</LobProjectilePath>
                    <RenderModelExplode>0</RenderModelExplode>
                    <Conditions>
                        <Condition>
                            <Resource>U_ACTION</Resource>
                            <Comparison>EQUAL</Comparison>
                            <Value>15</Value>
                        </Condition>
                    </Conditions>
                </Animation>
                <Animation>
                    <Identifier>ACTION_MOVE</Identifier>
                    <AnimationNum>1</AnimationNum>
                    <Sound>Sound0</Sound>
                    <AnimationTime>0</AnimationTime>
                    <ShowProgress>0</ShowProgress>
                    <MorphFromActionParameterClass>0</MorphFromActionParameterClass>
                    <LobProjectilePath>0</LobProjectilePath>
                    <RenderModelExplode>0</RenderModelExplode>
                    <Conditions>
                        <Condition>
                            <Resource>U_ACTION</Resource>
                            <Comparison>EQUAL</Comparison>
                            <Value>2</Value>
                        </Condition>
                    </Conditions>
                </Animation>
                <Animation>
                    <Identifier>ACTION_CREATE</Identifier>
                    <AnimationNum>0</AnimationNum>
                    <Sound>Sound0</Sound>
                    <AnimationTime>0</AnimationTime>
                    <ShowProgress>1</ShowProgress>
                    <MorphFromActionParameterClass>0</MorphFromActionParameterClass>
                    <LobProjectilePath>0</LobProjectilePath>
                    <RenderModelExplode>0</RenderModelExplode>
                    <Conditions>
                        <Condition>
                            <Resource>U_ACTION</Resource>
                            <Comparison>EQUAL</Comparison>
                            <Value>0</Value>
                        </Condition>
                    </Conditions>
                </Animation>
                <Animation>
                    <Identifier>idle</Identifier>
                    <AnimationNum>0</AnimationNum>
                    <Sound>Sound0</Sound>
                    <AnimationTime>24</AnimationTime>
                    <ShowProgress>0</ShowProgress>
                    <MorphFromActionParameterClass>0</MorphFromActionParameterClass>
                    <LobProjectilePath>0</LobProjectilePath>
                    <RenderModelExplode>0</RenderModelExplode>
                    <Conditions />
                </Animation>
            </Animations>
            <Actions>
                <Action>
                    <ActionNumber>0</ActionNumber>
                    <Identifier>ACTION_CREATE</Identifier>
                    <TimeTaken>1</TimeTaken>
                    <ForceObjectAction>0</ForceObjectAction>
                    <InterruptCurrentAction>0</InterruptCurrentAction>
                    <MutexAction>0</MutexAction>
                    <FailOnInvalidTarget>0</FailOnInvalidTarget>
                    <PreserveParameter>0</PreserveParameter>
                    <AIScriptCanRun>0</AIScriptCanRun>
                    <SetParamZeroTicks>0</SetParamZeroTicks>
                    <AllowActionWhenStopped>0</AllowActionWhenStopped>
                    <LobProjectilePath>0</LobProjectilePath>
                    <Conditions />
					<Steps>
                        <Step>
                            <PrimitiveAction>SET_STATUS</PrimitiveAction>
                            <Target>SELF</Target>
                            <Type>STATUS_CLOAKED</Type>
                        </Step>
                        <Step>
                            <PrimitiveAction>SET_STATUS</PrimitiveAction>
                            <Target>SELF</Target>
                            <Type>STATUS_STASIS</Type>
                        </Step>
                        <Step>
                            <PrimitiveAction>CONSUME_RESOURCE</PrimitiveAction>
                            <Target>SELF</Target>
                            <Type>U_ENERGY</Type>
                            <ValueEval>SET_TO_VALUE</ValueEval>
                            <Value>250</Value>
                        </Step>
                    </Steps>
                </Action>
                <Action>
                    <ActionNumber>1</ActionNumber>
                    <Identifier>ACTION_CLEAR_FREEZE</Identifier>
                    <TimeTaken>1</TimeTaken>
                    <ForceObjectAction>1</ForceObjectAction>
                    <InterruptCurrentAction>1</InterruptCurrentAction>
                    <MutexAction>1</MutexAction>
                    <FailOnInvalidTarget>0</FailOnInvalidTarget>
                    <PreserveParameter>0</PreserveParameter>
                    <AIScriptCanRun>0</AIScriptCanRun>
                    <SetParamZeroTicks>0</SetParamZeroTicks>
                    <AllowActionWhenStopped>0</AllowActionWhenStopped>
                    <Conditions>
                        <Condition>
                            <Resource>U_STATUS</Resource>
                            <Comparison>BITMASK</Comparison>
                            <Value>8</Value>
                        </Condition>
                    </Conditions>
                    <Steps>
                        <Step>
                            <PrimitiveAction>CLEAR_STATUS</PrimitiveAction>
                            <Target>SELF</Target>
                            <Type>STATUS_STOP</Type>
                        </Step>
                    </Steps>
                </Action>
                <Action>
                    <ActionNumber>2</ActionNumber>
                    <Identifier>ACTION_MOVE</Identifier>
                    <TimeTaken>3</TimeTaken>
                    <ForceObjectAction>0</ForceObjectAction>
                    <InterruptCurrentAction>0</InterruptCurrentAction>
                    <MutexAction>0</MutexAction>
                    <FailOnInvalidTarget>0</FailOnInvalidTarget>
                    <PreserveParameter>0</PreserveParameter>
                    <AIScriptCanRun>0</AIScriptCanRun>
                    <SetParamZeroTicks>0</SetParamZeroTicks>
                    <AllowActionWhenStopped>0</AllowActionWhenStopped>
                    <Conditions />
                    <Steps>
                        <Step>
                            <PrimitiveAction>MOVE</PrimitiveAction>
                            <Target>SELF</Target>
                            <Value>0</Value>
                        </Step>
                    </Steps>
                </Action>
                <Action>
                    <ActionNumber>6</ActionNumber>
                    <Identifier>ACTION_CHANGE_COMMANDER</Identifier>
                    <TimeTaken>0</TimeTaken>
                    <ForceObjectAction>0</ForceObjectAction>
                    <InterruptCurrentAction>0</InterruptCurrentAction>
                    <MutexAction>0</MutexAction>
                    <FailOnInvalidTarget>0</FailOnInvalidTarget>
                    <PreserveParameter>0</PreserveParameter>
                    <AIScriptCanRun>0</AIScriptCanRun>
                    <SetParamZeroTicks>0</SetParamZeroTicks>
                    <AllowActionWhenStopped>0</AllowActionWhenStopped>
                    <LobProjectilePath>0</LobProjectilePath>
                    <Conditions>
                        <Condition>
                            <Resource>U_STATUS</Resource>
                            <Comparison>BITMASK_NOT</Comparison>
                            <Value>2</Value>
                        </Condition>
                    </Conditions>
                    <Steps>
                        <Step>
                            <PrimitiveAction>CHANGE_COMMANDER</PrimitiveAction>
                            <Target>SELF</Target>
                        </Step>
                    </Steps>
                </Action>
                <Action>
                    <ActionNumber>7</ActionNumber>
                    <Identifier>ACTION_CLEAR_COMMANDER</Identifier>
                    <TimeTaken>0</TimeTaken>
                    <ForceObjectAction>0</ForceObjectAction>
                    <InterruptCurrentAction>0</InterruptCurrentAction>
                    <MutexAction>0</MutexAction>
                    <FailOnInvalidTarget>0</FailOnInvalidTarget>
                    <PreserveParameter>0</PreserveParameter>
                    <AIScriptCanRun>0</AIScriptCanRun>
                    <SetParamZeroTicks>0</SetParamZeroTicks>
                    <AllowActionWhenStopped>0</AllowActionWhenStopped>
                    <LobProjectilePath>0</LobProjectilePath>
                    <Conditions />
                    <Steps>
                        <Step>
                            <PrimitiveAction>CLEAR_STATUS</PrimitiveAction>
                            <Target>SELF</Target>
                            <Type>STATUS_CAPABILITY_5</Type>
                        </Step>
                    </Steps>
                </Action>
                <Action>
                    <ActionNumber>10</ActionNumber>
                    <Identifier>ACTION_INFECT</Identifier>
                    <TimeTaken>8</TimeTaken>
                    <ForceObjectAction>0</ForceObjectAction>
                    <InterruptCurrentAction>0</InterruptCurrentAction>
                    <MutexAction>0</MutexAction>
                    <FailOnInvalidTarget>1</FailOnInvalidTarget>
                    <PreserveParameter>0</PreserveParameter>
                    <AIScriptCanRun>0</AIScriptCanRun>
                    <SetParamZeroTicks>0</SetParamZeroTicks>
                    <AllowActionWhenStopped>0</AllowActionWhenStopped>
                    <Conditions />
                    <Steps>
                        <Step>
                            <PrimitiveAction>NANITE_INFECT</PrimitiveAction>
                            <Target>TARGET_UNIT</Target>
                            <ActionStepModifier>Nanite Infect</ActionStepModifier>
                        </Step>
                        <Step>
                            <PrimitiveAction>CONSUME_RESOURCE</PrimitiveAction>
                            <Target>TARGET_UNIT</Target>
                            <Type>U_HP</Type>
                            <ValueEval>ONE</ValueEval>
                            <Value>30</Value>
                        </Step>
                    </Steps>
                </Action>
                <Action>
                    <ActionNumber>15</ActionNumber>
                    <Identifier>ACTION_SELF_UPGRADE</Identifier>
                    <TimeTaken>54</TimeTaken>
                    <ForceObjectAction>0</ForceObjectAction>
                    <InterruptCurrentAction>0</InterruptCurrentAction>
                    <MutexAction>0</MutexAction>
                    <FailOnInvalidTarget>0</FailOnInvalidTarget>
                    <PreserveParameter>1</PreserveParameter>
                    <AIScriptCanRun>0</AIScriptCanRun>
                    <SetParamZeroTicks>0</SetParamZeroTicks>
                    <AllowActionWhenStopped>0</AllowActionWhenStopped>
                    <Conditions />
                    <Steps>
                        <Step>
                            <PrimitiveAction>CHANGE_CLASS</PrimitiveAction>
                            <Target>SELF</Target>
                            <Value>1045</Value>
                        </Step>
                        <Step>
                            <PrimitiveAction>CONSUME_RESOURCE</PrimitiveAction>
                            <Target>SELF</Target>
                            <Type>U_HP</Type>
                            <ValueEval>SET_TO_VALUE</ValueEval>
                            <Value>800</Value>
                        </Step>
                    </Steps>
                </Action>
                <Action>
                    <ActionNumber>19</ActionNumber>
                    <Identifier>ACTION_CANCEL</Identifier>
                    <TimeTaken>1</TimeTaken>
                    <ForceObjectAction>0</ForceObjectAction>
                    <InterruptCurrentAction>0</InterruptCurrentAction>
                    <MutexAction>0</MutexAction>
                    <FailOnInvalidTarget>0</FailOnInvalidTarget>
                    <PreserveParameter>0</PreserveParameter>
                    <AIScriptCanRun>0</AIScriptCanRun>
                    <SetParamZeroTicks>0</SetParamZeroTicks>
                    <AllowActionWhenStopped>0</AllowActionWhenStopped>
                    <LobProjectilePath>0</LobProjectilePath>
                    <Conditions />
                    <Steps />
                </Action>
                <Action>
                    <ActionNumber>22</ActionNumber>
                    <Identifier>ACTION_TELEPORTED</Identifier>
                    <TimeTaken>0</TimeTaken>
                    <ForceObjectAction>0</ForceObjectAction>
                    <InterruptCurrentAction>0</InterruptCurrentAction>
                    <MutexAction>0</MutexAction>
                    <FailOnInvalidTarget>0</FailOnInvalidTarget>
                    <PreserveParameter>1</PreserveParameter>
                    <AIScriptCanRun>0</AIScriptCanRun>
                    <SetParamZeroTicks>0</SetParamZeroTicks>
                    <AllowActionWhenStopped>0</AllowActionWhenStopped>
                    <LobProjectilePath>0</LobProjectilePath>
                    <Conditions />
                    <Steps>
                        <Step>
                            <PrimitiveAction>CLEAR_STATUS</PrimitiveAction>
                            <Target>SELF</Target>
                            <Type>STATUS_CAPABILITY_1</Type>
                        </Step>
                    </Steps>
                </Action>
                <Action>
                    <ActionNumber>23</ActionNumber>
                    <Identifier>ACTION_ACT_PARAMETERS</Identifier>
                    <TimeTaken>1</TimeTaken>
                    <ForceObjectAction>0</ForceObjectAction>
                    <InterruptCurrentAction>0</InterruptCurrentAction>
                    <MutexAction>0</MutexAction>
                    <FailOnInvalidTarget>0</FailOnInvalidTarget>
                    <PreserveParameter>1</PreserveParameter>
                    <AIScriptCanRun>0</AIScriptCanRun>
                    <SetParamZeroTicks>0</SetParamZeroTicks>
                    <AllowActionWhenStopped>0</AllowActionWhenStopped>
                    <LobProjectilePath>0</LobProjectilePath>
                    <Conditions />
                    <Steps />
                </Action>
                <Action>
                    <ActionNumber>26</ActionNumber>
                    <Identifier>ACTION_MAKE_COMMC</Identifier>
                    <TimeTaken>36</TimeTaken>
                    <ForceObjectAction>0</ForceObjectAction>
                    <InterruptCurrentAction>0</InterruptCurrentAction>
                    <MutexAction>0</MutexAction>
                    <FailOnInvalidTarget>0</FailOnInvalidTarget>
                    <PreserveParameter>1</PreserveParameter>
                    <AIScriptCanRun>0</AIScriptCanRun>
                    <SetParamZeroTicks>0</SetParamZeroTicks>
                    <AllowActionWhenStopped>0</AllowActionWhenStopped>
                    <Conditions>
                        <Condition>
                            <Resource>P_Q_PLASMA</Resource>
                            <Comparison>GEQUAL</Comparison>
                            <Value>600</Value>
                        </Condition>
                    </Conditions>
                    <Steps>
                        <Step>
                            <PrimitiveAction>CONSUME_RESOURCE</PrimitiveAction>
                            <Target>SELF</Target>
                            <Type>P_Q_PLASMA</Type>
                            <ValueEval>ONE</ValueEval>
                            <Value>600</Value>
                        </Step>
                        <Step>
                            <PrimitiveAction>CONSUME_RESOURCE</PrimitiveAction>
                            <Target>SELF</Target>
                            <Type>P_POWER</Type>
                            <ValueEval>ONE</ValueEval>
                            <Value>1200</Value>
                        </Step>
                        <Step>
                            <PrimitiveAction>CREATE_UNIT_PERIMETER</PrimitiveAction>
                            <Target>SELF</Target>
                            <Value>4021</Value>
                        </Step>
                        <Step>
                            <PrimitiveAction>COPY_RETURN_TO_ACTION_PARAMETER</PrimitiveAction>
                            <Target>SELF</Target>
                        </Step>
                    </Steps>
                </Action>
                <Action>
                    <ActionNumber>30</ActionNumber>
                    <Identifier>ACTION_ERROR1</Identifier>
                    <TimeTaken>1</TimeTaken>
                    <ForceObjectAction>0</ForceObjectAction>
                    <InterruptCurrentAction>0</InterruptCurrentAction>
                    <MutexAction>0</MutexAction>
                    <FailOnInvalidTarget>0</FailOnInvalidTarget>
                    <PreserveParameter>0</PreserveParameter>
                    <AIScriptCanRun>0</AIScriptCanRun>
                    <SetParamZeroTicks>0</SetParamZeroTicks>
                    <AllowActionWhenStopped>0</AllowActionWhenStopped>
                    <LobProjectilePath>0</LobProjectilePath>
                    <Conditions />
                    <Steps />
                </Action>
                <Action>
                    <ActionNumber>31</ActionNumber>
                    <Identifier>ACTION_ERROR2</Identifier>
                    <TimeTaken>1</TimeTaken>
                    <ForceObjectAction>0</ForceObjectAction>
                    <InterruptCurrentAction>0</InterruptCurrentAction>
                    <MutexAction>0</MutexAction>
                    <FailOnInvalidTarget>0</FailOnInvalidTarget>
                    <PreserveParameter>0</PreserveParameter>
                    <AIScriptCanRun>0</AIScriptCanRun>
                    <SetParamZeroTicks>0</SetParamZeroTicks>
                    <AllowActionWhenStopped>0</AllowActionWhenStopped>
                    <LobProjectilePath>0</LobProjectilePath>
                    <Conditions />
                    <Steps />
                </Action>
                <Action>
                    <ActionNumber>33</ActionNumber>
                    <Identifier>ACTION_ERROR_CP</Identifier>
                    <TimeTaken>1</TimeTaken>
                    <ForceObjectAction>0</ForceObjectAction>
                    <InterruptCurrentAction>0</InterruptCurrentAction>
                    <MutexAction>0</MutexAction>
                    <FailOnInvalidTarget>0</FailOnInvalidTarget>
                    <PreserveParameter>0</PreserveParameter>
                    <AIScriptCanRun>0</AIScriptCanRun>
                    <SetParamZeroTicks>0</SetParamZeroTicks>
                    <AllowActionWhenStopped>0</AllowActionWhenStopped>
                    <LobProjectilePath>0</LobProjectilePath>
                    <Conditions />
                    <Steps>
                        <Step>
                            <PrimitiveAction>CLEAR_STATUS</PrimitiveAction>
                            <Target>SELF</Target>
                            <Type>STATUS_CAPABILITY_5</Type>
                        </Step>
                        <Step>
                            <PrimitiveAction>CHANGE_COMMANDER</PrimitiveAction>
                            <Target>SELF</Target>
                        </Step>
                    </Steps>
                </Action>
                <Action>
                    <ActionNumber>35</ActionNumber>
                    <Identifier>ACTION_ROTATE</Identifier>
                    <TimeTaken>1</TimeTaken>
                    <ForceObjectAction>0</ForceObjectAction>
                    <InterruptCurrentAction>0</InterruptCurrentAction>
                    <MutexAction>0</MutexAction>
                    <FailOnInvalidTarget>0</FailOnInvalidTarget>
                    <PreserveParameter>0</PreserveParameter>
                    <AIScriptCanRun>0</AIScriptCanRun>
                    <SetParamZeroTicks>0</SetParamZeroTicks>
                    <AllowActionWhenStopped>0</AllowActionWhenStopped>
                    <LobProjectilePath>0</LobProjectilePath>
                    <Conditions />
                    <Steps>
                        <Step>
                            <PrimitiveAction>ROTATE</PrimitiveAction>
                            <Target>SELF</Target>
                        </Step>
                    </Steps>
                </Action>
                <Action>
                    <ActionNumber>36</ActionNumber>
                    <Identifier>ACTION_QP_LIMIT</Identifier>
                    <TimeTaken>0</TimeTaken>
                    <ForceObjectAction>1</ForceObjectAction>
                    <InterruptCurrentAction>1</InterruptCurrentAction>
                    <MutexAction>0</MutexAction>
                    <FailOnInvalidTarget>0</FailOnInvalidTarget>
                    <PreserveParameter>0</PreserveParameter>
                    <AIScriptCanRun>0</AIScriptCanRun>
                    <SetParamZeroTicks>0</SetParamZeroTicks>
                    <AllowActionWhenStopped>0</AllowActionWhenStopped>
                    <Conditions>
                        <Condition>
                            <Resource>U_AGE</Resource>
                            <Comparison>MODULO_IS_ZERO</Comparison>
                            <Value>18</Value>
                        </Condition>
                        <Condition>
                            <Resource>P_Q_PLASMA</Resource>
                            <Comparison>GEQUAL</Comparison>
                            <Value>1550</Value>
                        </Condition>
                    </Conditions>
                    <Steps>
                        <Step>
                            <PrimitiveAction>CONSUME_RESOURCE</PrimitiveAction>
                            <Target>SELF</Target>
                            <Type>P_Q_PLASMA</Type>
                            <ValueEval>ONE</ValueEval>
                            <Value>50</Value>
                        </Step>
                    </Steps>
                </Action>
                <Action>
                    <ActionNumber>37</ActionNumber>
                    <Identifier>ACTION_POWER_LIMIT</Identifier>
                    <TimeTaken>0</TimeTaken>
                    <ForceObjectAction>1</ForceObjectAction>
                    <InterruptCurrentAction>1</InterruptCurrentAction>
                    <MutexAction>0</MutexAction>
                    <FailOnInvalidTarget>0</FailOnInvalidTarget>
                    <PreserveParameter>0</PreserveParameter>
                    <AIScriptCanRun>0</AIScriptCanRun>
                    <SetParamZeroTicks>0</SetParamZeroTicks>
                    <AllowActionWhenStopped>0</AllowActionWhenStopped>
                    <Conditions>
                        <Condition>
                            <Resource>U_AGE</Resource>
                            <Comparison>MODULO_IS_ZERO</Comparison>
                            <Value>18</Value>
                        </Condition>
                        <Condition>
                            <Resource>P_POWER</Resource>
                            <Comparison>GEQUAL</Comparison>
                            <Value>2005</Value>
                        </Condition>
                    </Conditions>
                    <Steps>
                        <Step>
                            <PrimitiveAction>CONSUME_RESOURCE</PrimitiveAction>
                            <Target>SELF</Target>
                            <Type>P_POWER</Type>
                            <ValueEval>ONE</ValueEval>
                            <Value>5</Value>
                        </Step>
                    </Steps>
                </Action>
                <Action>
                    <ActionNumber>39</ActionNumber>
                    <Identifier>ACTION_SET_OBJECTIVE_RELEASE</Identifier>
                    <TimeTaken>1</TimeTaken>
                    <ForceObjectAction>0</ForceObjectAction>
                    <InterruptCurrentAction>0</InterruptCurrentAction>
                    <MutexAction>0</MutexAction>
                    <FailOnInvalidTarget>1</FailOnInvalidTarget>
                    <PreserveParameter>0</PreserveParameter>
                    <AIScriptCanRun>0</AIScriptCanRun>
                    <SetParamZeroTicks>0</SetParamZeroTicks>
                    <AllowActionWhenStopped>0</AllowActionWhenStopped>
                    <LobProjectilePath>0</LobProjectilePath>
                    <Conditions>
                        <Condition>
                            <Resource>T_ALLY</Resource>
                            <Comparison>EQUAL</Comparison>
                            <Value>1</Value>
                        </Condition>
                    </Conditions>
                    <Steps>
                        <Step>
                            <PrimitiveAction>CONSUME_RESOURCE</PrimitiveAction>
                            <Target>TARGET_UNIT</Target>
                            <Type>U_OBJECTIVE</Type>
                            <ValueEval>SET_TO_VALUE</ValueEval>
                            <Value>17</Value>
                        </Step>
                    </Steps>
                </Action>
                <Action>
                    <ActionNumber>40</ActionNumber>
                    <Identifier>ACTION_DESTROY</Identifier>
                    <TimeTaken>27</TimeTaken>
                    <ForceObjectAction>1</ForceObjectAction>
                    <InterruptCurrentAction>1</InterruptCurrentAction>
                    <MutexAction>1</MutexAction>
                    <FailOnInvalidTarget>0</FailOnInvalidTarget>
                    <PreserveParameter>0</PreserveParameter>
                    <AIScriptCanRun>0</AIScriptCanRun>
                    <SetParamZeroTicks>0</SetParamZeroTicks>
                    <AllowActionWhenStopped>0</AllowActionWhenStopped>
                    <LobProjectilePath>0</LobProjectilePath>
                    <Conditions>
                        <Condition>
                            <Resource>U_HP</Resource>
                            <Comparison>EQUAL</Comparison>
                            <Value>0</Value>
                        </Condition>
                        <Condition>
                            <Resource>P_FLAGS</Resource>
                            <Comparison>BITMASK_NOT</Comparison>
                            <Value>8</Value>
                        </Condition>
                        <Condition>
                            <Resource>P_FLAGS</Resource>
                            <Comparison>BITMASK</Comparison>
                            <Value>8</Value>
                        </Condition>
                    </Conditions>
                    <Steps>
                        <Step>
                            <PrimitiveAction>ACCUM_STATISTIC</PrimitiveAction>
                            <Target>SELF</Target>
                            <Type>UnitsDestroyed</Type>
                            <ValueEval>ONE</ValueEval>
                            <Value>1</Value>
                        </Step>
                        <Step>
                            <PrimitiveAction>DIE</PrimitiveAction>
                            <Target>SELF</Target>
                        </Step>
                    </Steps>
				</Action>
                <Action>
                    <ActionNumber>41</ActionNumber>
                    <Identifier>ACTION_DESTROY_achron</Identifier>
                    <TimeTaken>27</TimeTaken>
                    <ForceObjectAction>1</ForceObjectAction>
                    <InterruptCurrentAction>1</InterruptCurrentAction>
                    <MutexAction>1</MutexAction>
                    <FailOnInvalidTarget>0</FailOnInvalidTarget>
                    <PreserveParameter>0</PreserveParameter>
                    <AIScriptCanRun>0</AIScriptCanRun>
                    <SetParamZeroTicks>0</SetParamZeroTicks>
                    <AllowActionWhenStopped>0</AllowActionWhenStopped>
                    <LobProjectilePath>0</LobProjectilePath>
                    <Conditions>
                        <Condition>
                            <Resource>U_HP</Resource>
                            <Comparison>EQUAL</Comparison>
                            <Value>0</Value>
                        </Condition>
                    </Conditions>
                    <Steps>
                        <Step>
                            <PrimitiveAction>ACCUM_STATISTIC</PrimitiveAction>
                            <Target>SELF</Target>
                            <Type>AchronDestroyed0</Type>
                            <ValueEval>ONE</ValueEval>
                            <Value>1</Value>
                        </Step>
                        <Step>
                            <PrimitiveAction>ACCUM_STATISTIC</PrimitiveAction>
                            <Target>SELF</Target>
                            <Type>AchronDestroyed1</Type>
                            <ValueEval>ONE</ValueEval>
                            <Value>1</Value>
                        </Step>
                        <Step>
                            <PrimitiveAction>ACCUM_STATISTIC</PrimitiveAction>
                            <Target>SELF</Target>
                            <Type>AchronDestroyed2</Type>
                            <ValueEval>ONE</ValueEval>
                            <Value>1</Value>
                        </Step>
                        <Step>
                            <PrimitiveAction>ACCUM_STATISTIC</PrimitiveAction>
                            <Target>SELF</Target>
                            <Type>AchronDestroyed3</Type>
                            <ValueEval>ONE</ValueEval>
                            <Value>1</Value>
                        </Step>
                        <Step>
                            <PrimitiveAction>ACCUM_STATISTIC</PrimitiveAction>
                            <Target>SELF</Target>
                            <Type>AchronDestroyed4</Type>
                            <ValueEval>ONE</ValueEval>
                            <Value>1</Value>
                        </Step>
                        <Step>
                            <PrimitiveAction>DIE</PrimitiveAction>
                            <Target>SELF</Target>
                        </Step>
                    </Steps>
				</Action>
                <Action>
                    <ActionNumber>47</ActionNumber>
                    <Identifier>ACTION_DISCONNECT</Identifier>
                    <TimeTaken>0</TimeTaken>
                    <ForceObjectAction>0</ForceObjectAction>
                    <InterruptCurrentAction>0</InterruptCurrentAction>
                    <MutexAction>0</MutexAction>
                    <FailOnInvalidTarget>0</FailOnInvalidTarget>
                    <PreserveParameter>0</PreserveParameter>
                    <AIScriptCanRun>0</AIScriptCanRun>
                    <SetParamZeroTicks>0</SetParamZeroTicks>
                    <AllowActionWhenStopped>0</AllowActionWhenStopped>
                    <LobProjectilePath>0</LobProjectilePath>
                    <Conditions />
                    <Steps>
                        <Step>
                            <PrimitiveAction>CHANGE_COMMANDER</PrimitiveAction>
                            <Target>TARGET_UNIT</Target>
                        </Step>
                    </Steps>
                </Action>
                <Action>
                    <ActionNumber>50</ActionNumber>
                    <Identifier>ACTION_MOVE_SLOW</Identifier>
                    <TimeTaken>3</TimeTaken>
                    <ForceObjectAction>0</ForceObjectAction>
                    <InterruptCurrentAction>0</InterruptCurrentAction>
                    <MutexAction>0</MutexAction>
                    <FailOnInvalidTarget>0</FailOnInvalidTarget>
                    <PreserveParameter>0</PreserveParameter>
                    <AIScriptCanRun>0</AIScriptCanRun>
                    <SetParamZeroTicks>0</SetParamZeroTicks>
                    <AllowActionWhenStopped>0</AllowActionWhenStopped>
                    <LobProjectilePath>0</LobProjectilePath>
                    <Conditions />
                    <Steps>
                        <Step>
                            <PrimitiveAction>MOVE</PrimitiveAction>
                            <Target>SELF</Target>
                            <Value>0</Value>
                        </Step>
                    </Steps>
                </Action>
                <Action>
                    <ActionNumber>52</ActionNumber>
                    <Identifier>ACTION_ChooseGREKIM</Identifier>
                    <TimeTaken>6</TimeTaken>
                    <ForceObjectAction>0</ForceObjectAction>
                    <InterruptCurrentAction>0</InterruptCurrentAction>
                    <MutexAction>0</MutexAction>
                    <FailOnInvalidTarget>0</FailOnInvalidTarget>
                    <PreserveParameter>0</PreserveParameter>
                    <AIScriptCanRun>0</AIScriptCanRun>
                    <SetParamZeroTicks>0</SetParamZeroTicks>
                    <AllowActionWhenStopped>0</AllowActionWhenStopped>
                    <LobProjectilePath>0</LobProjectilePath>
                    <Conditions />
                    <Steps />
                </Action>
                <Action>
                    <ActionNumber>55</ActionNumber>
                    <Identifier>ACTION_HEAL_NANITE</Identifier>
                    <TimeTaken>0</TimeTaken>
                    <ForceObjectAction>1</ForceObjectAction>
                    <InterruptCurrentAction>1</InterruptCurrentAction>
                    <MutexAction>0</MutexAction>
                    <FailOnInvalidTarget>0</FailOnInvalidTarget>
                    <PreserveParameter>0</PreserveParameter>
                    <AIScriptCanRun>0</AIScriptCanRun>
                    <SetParamZeroTicks>0</SetParamZeroTicks>
                    <AllowActionWhenStopped>0</AllowActionWhenStopped>
                    <Conditions>
                        <Condition>
                            <Resource>U_SECOND_OWNER</Resource>
                            <Comparison>NOT_EQUAL</Comparison>
                            <Value>15</Value>
                        </Condition>
                    </Conditions>
                    <Steps>
                        <Step>
                            <PrimitiveAction>NANITE_CLEAR</PrimitiveAction>
                            <Target>SELF</Target>
                        </Step>
                    </Steps>
                </Action>
            </Actions>
            <Objectives>
                <Objective>
                    <ObjectiveNumber>0</ObjectiveNumber>
                    <Script>Script410</Script>
                    <Name>Idle/Defend</Name>
                    <Details></Details>
                </Objective>
                <Objective>
                    <ObjectiveNumber>1</ObjectiveNumber>
                    <Script>Script21</Script>
                    <Name>Move</Name>
                    <Details> \Move to specified location \Move Speed: 1.5, MaxInc: 30\Vision Range: 0</Details>
                    <ObjectiveControlShortcutNumber>4</ObjectiveControlShortcutNumber>
                </Objective>
                <Objective>
                    <ObjectiveNumber>5</ObjectiveNumber>
                    <Script>Script23</Script>
                    <Name>Moving</Name>
                    <Details></Details>
                    <ObjectiveControlShortcutNumber>4</ObjectiveControlShortcutNumber>
                </Objective>
                <Objective>
                    <ObjectiveNumber>8</ObjectiveNumber>
                    <Script>Script202</Script>
                    <Name>Change Commander</Name>
                    <Details> \Set this unit&apos;s commander\ \Alt-Right-Click on unit to\select its current commander </Details>
                    <ObjectiveControlShortcutNumber>9</ObjectiveControlShortcutNumber>
                </Objective>
                <Objective>
                    <ObjectiveNumber>9</ObjectiveNumber>
                    <Script>Script204</Script>
                    <Name>Remove from Hierarchy</Name>
                    <Details> \Remove unit from hierarchy\to disconnect from commander\and all subordinates</Details>
                </Objective>
                <Objective>
                    <ObjectiveNumber>16</ObjectiveNumber>
                    <Script>Script197</Script>
                    <Name>Stop</Name>
                    <Details> \Interrupt current objective\and return to idling</Details>
                </Objective>
                <Objective>
                    <ObjectiveNumber>20</ObjectiveNumber>
                    <Script>Script232</Script>
                    <Name>Nanite Infect</Name>
                    <Details> \Infects the target with nanites,\taking control of the enemy\ \Range: 40 vs all</Details>
                    <ObjectiveControlShortcutNumber>11</ObjectiveControlShortcutNumber>
                </Objective>
                <Objective>
                    <ObjectiveNumber>26</ObjectiveNumber>
                    <Script>Script79</Script>
                    <Name>Create Control Point</Name>
                    <Details> \Obtain 10 Control Points to win</Details>
                    <Resource4>600</Resource4>
                    <ObjectiveControlShortcutNumber>24</ObjectiveControlShortcutNumber>
                    <ParameterType>POSITION</ParameterType>
                </Objective>
                <Objective>
                    <ObjectiveNumber>33</ObjectiveNumber>
                    <Script>Script20</Script>
                    <Name>Awaiting Air-Lift</Name>
                    <Details></Details>
                </Objective>
                <Objective>
                    <ObjectiveNumber>34</ObjectiveNumber>
                    <Script>Script203</Script>
                    <Name>Carry/Commander</Name>
                    <Details></Details>
                </Objective>
                <Objective>
                    <ObjectiveNumber>47</ObjectiveNumber>
                    <Script>Script206</Script>
                    <Name>Teleport</Name>
                    <Details> \Teleport to a specified location\    Must be near a Teleporter</Details>
                    <ObjectiveControlShortcutNumber>10</ObjectiveControlShortcutNumber>
                </Objective>
                <Objective>
                    <ObjectiveNumber>50</ObjectiveNumber>
                    <Script>Script208</Script>
                    <Name>Teleport</Name>
                    <Details> \Teleport to a specified location\    Must be near a Teleporter\    Must not have a TSS</Details>
                </Objective>
            </Objectives>
            <ControlShortcuts>
                <ControlShortcut>
                    <ControlNumber>1</ControlNumber>
                    <ControlObjectiveNumber>9</ControlObjectiveNumber>
                    <MouseInputType>SHORTCUT_QUICK_2</MouseInputType>
                    <ParameterType>NO_PARAMETER</ParameterType>
                    <Parameter>0</Parameter>
                    <KeyboardShortcut>$AchronKBRemoveFromHierarchy</KeyboardShortcut>
                    <Flags>
                        <ShortcutOnKeyRelease>0</ShortcutOnKeyRelease>
                        <EstTimeConstIsStart>0</EstTimeConstIsStart>
                        <ButtonDisabled>0</ButtonDisabled>
                        <UserControlsCustom>0</UserControlsCustom>
                        <ButtonInvisible>0</ButtonInvisible>
                        <SelectTarget>0</SelectTarget>
                    </Flags>
                    <EstTimeConst>0</EstTimeConst>
                    <EstTimeDist>0</EstTimeDist>
                    <Sound>Sound0</Sound>
                    <ControlConditions>
                        <ControlCondition>
                            <Resource>U_IS_CARRIED</Resource>
                            <Comparison>EQUAL</Comparison>
                            <Value>0</Value>
                        </ControlCondition>
                    </ControlConditions>
                </ControlShortcut>
                <ControlShortcut>
                    <ControlNumber>4</ControlNumber>
                    <ControlObjectiveNumber>1</ControlObjectiveNumber>
                    <MouseInputType>SHORTCUT_TILE</MouseInputType>
                    <ParameterType>POSITION_AUTO_HEIGHT</ParameterType>
                    <Parameter>0</Parameter>
                    <KeyboardShortcut>$AchronKBMove</KeyboardShortcut>
                    <Flags>
                        <ShortcutOnKeyRelease>0</ShortcutOnKeyRelease>
                        <EstTimeConstIsStart>0</EstTimeConstIsStart>
                        <ButtonDisabled>0</ButtonDisabled>
                        <UserControlsCustom>0</UserControlsCustom>
                        <ButtonInvisible>0</ButtonInvisible>
                        <SelectTarget>0</SelectTarget>
                    </Flags>
                    <EstTimeConst>0</EstTimeConst>
                    <EstTimeDist>12</EstTimeDist>
                    <Sound>Sound0</Sound>
                    <ControlConditions />
                </ControlShortcut>
                <ControlShortcut>
                    <ControlNumber>6</ControlNumber>
                    <ControlObjectiveNumber>34</ControlObjectiveNumber>
                    <MouseInputType>SHORTCUT_ALLY_UNIT</MouseInputType>
                    <ParameterType>UNIT</ParameterType>
                    <Parameter>0</Parameter>
                    <KeyboardShortcut></KeyboardShortcut>
                    <Flags>
                        <ShortcutOnKeyRelease>0</ShortcutOnKeyRelease>
                        <EstTimeConstIsStart>0</EstTimeConstIsStart>
                        <ButtonDisabled>0</ButtonDisabled>
                        <UserControlsCustom>0</UserControlsCustom>
                        <ButtonInvisible>1</ButtonInvisible>
                        <SelectTarget>1</SelectTarget>
                    </Flags>
                    <EstTimeConst>0</EstTimeConst>
                    <EstTimeDist>0</EstTimeDist>
                    <Sound>Sound0</Sound>
                    <ControlConditions />
                </ControlShortcut>
                <ControlShortcut>
                    <ControlNumber>9</ControlNumber>
                    <ControlObjectiveNumber>8</ControlObjectiveNumber>
                    <ParameterType>UNIT</ParameterType>
                    <Parameter>0</Parameter>
                    <KeyboardShortcut>$AchronKBChangeCommander</KeyboardShortcut>
                    <Flags>
                        <ShortcutOnKeyRelease>0</ShortcutOnKeyRelease>
                        <EstTimeConstIsStart>0</EstTimeConstIsStart>
                        <ButtonDisabled>0</ButtonDisabled>
                        <UserControlsCustom>0</UserControlsCustom>
                        <ButtonInvisible>0</ButtonInvisible>
                        <SelectTarget>0</SelectTarget>
                    </Flags>
                    <EstTimeConst>0</EstTimeConst>
                    <EstTimeDist>0</EstTimeDist>
                    <Sound>Sound0</Sound>
                    <ControlConditions>
                        <ControlCondition>
                            <Resource>U_IS_CARRIED</Resource>
                            <Comparison>EQUAL</Comparison>
                            <Value>0</Value>
                        </ControlCondition>
                    </ControlConditions>
                </ControlShortcut>
                <ControlShortcut>
                    <ControlNumber>10</ControlNumber>
                    <ControlObjectiveNumber>47</ControlObjectiveNumber>
                    <ParameterType>POSITION</ParameterType>
                    <Parameter>0</Parameter>
                    <KeyboardShortcut>$AchronKBTeleport</KeyboardShortcut>
                    <Flags>
                        <ShortcutOnKeyRelease>0</ShortcutOnKeyRelease>
                        <EstTimeConstIsStart>0</EstTimeConstIsStart>
                        <ButtonDisabled>0</ButtonDisabled>
                        <UserControlsCustom>0</UserControlsCustom>
                        <ButtonInvisible>0</ButtonInvisible>
                        <SelectTarget>0</SelectTarget>
                    </Flags>
                    <EstTimeConst>0</EstTimeConst>
                    <EstTimeDist>0</EstTimeDist>
                    <Sound>Sound0</Sound>
                    <ControlConditions>
                        <ControlCondition>
                            <Resource>SCENARIO_CONSTRAINTS</Resource>
                            <Comparison>BITMASK_NOT</Comparison>
                            <Value>64</Value>
                        </ControlCondition>
                        <ControlCondition>
                            <Resource>U_IS_CARRIED</Resource>
                            <Comparison>EQUAL</Comparison>
                            <Value>0</Value>
                        </ControlCondition>
                        <ControlCondition>
                            <Resource>U_STATUS</Resource>
                            <Comparison>BITMASK_NOT</Comparison>
                            <Value>4</Value>
                        </ControlCondition>
                    </ControlConditions>
                </ControlShortcut>
                <ControlShortcut>
                    <ControlNumber>11</ControlNumber>
                    <ControlObjectiveNumber>20</ControlObjectiveNumber>
                    <ParameterType>UNIT</ParameterType>
                    <Parameter>0</Parameter>
                    <KeyboardShortcut>$AchronKBNaniteInfect</KeyboardShortcut>
                    <Flags>
                        <ShortcutOnKeyRelease>0</ShortcutOnKeyRelease>
                        <EstTimeConstIsStart>0</EstTimeConstIsStart>
                        <ButtonDisabled>0</ButtonDisabled>
                        <UserControlsCustom>0</UserControlsCustom>
                        <ButtonInvisible>0</ButtonInvisible>
                        <SelectTarget>0</SelectTarget>
                    </Flags>
                    <EstTimeConst>0</EstTimeConst>
                    <EstTimeDist>0</EstTimeDist>
                    <Sound>Sound0</Sound>
                    <ControlConditions>
                        <ControlCondition>
                            <Resource>U_IS_CARRIED</Resource>
                            <Comparison>EQUAL</Comparison>
                            <Value>0</Value>
                        </ControlCondition>
                    </ControlConditions>
                </ControlShortcut>
                <ControlShortcut>
                    <ControlNumber>16</ControlNumber>
                    <ControlObjectiveNumber>16</ControlObjectiveNumber>
                    <ParameterType>NO_PARAMETER</ParameterType>
                    <Parameter>0</Parameter>
                    <KeyboardShortcut>$AchronKBStop</KeyboardShortcut>
                    <Flags>
                        <ShortcutOnKeyRelease>0</ShortcutOnKeyRelease>
                        <EstTimeConstIsStart>0</EstTimeConstIsStart>
                        <ButtonDisabled>0</ButtonDisabled>
                        <UserControlsCustom>0</UserControlsCustom>
                        <ButtonInvisible>0</ButtonInvisible>
                        <SelectTarget>0</SelectTarget>
                    </Flags>
                    <EstTimeConst>0</EstTimeConst>
                    <EstTimeDist>0</EstTimeDist>
                    <Sound>Sound0</Sound>
                    <ControlConditions>
                        <ControlCondition>
                            <Resource>U_IS_CARRIED</Resource>
                            <Comparison>EQUAL</Comparison>
                            <Value>0</Value>
                        </ControlCondition>
                    </ControlConditions>
                </ControlShortcut>
                <ControlShortcut>
                    <ControlNumber>17</ControlNumber>
                    <ControlObjectiveNumber>50</ControlObjectiveNumber>
                    <ParameterType>NO_PARAMETER</ParameterType>
                    <Parameter>0</Parameter>
                    <KeyboardShortcut></KeyboardShortcut>
                    <Flags>
                        <ShortcutOnKeyRelease>0</ShortcutOnKeyRelease>
                        <EstTimeConstIsStart>0</EstTimeConstIsStart>
                        <ButtonDisabled>1</ButtonDisabled>
                        <UserControlsCustom>0</UserControlsCustom>
                        <ButtonInvisible>0</ButtonInvisible>
                        <SelectTarget>0</SelectTarget>
                    </Flags>
                    <EstTimeConst>0</EstTimeConst>
                    <EstTimeDist>0</EstTimeDist>
                    <Sound>Sound0</Sound>
                    <ControlConditions>
                        <ControlCondition>
                            <Resource>SCENARIO_CONSTRAINTS</Resource>
                            <Comparison>BITMASK_NOT</Comparison>
                            <Value>64</Value>
                        </ControlCondition>
                        <ControlCondition>
                            <Resource>U_IS_CARRIED</Resource>
                            <Comparison>EQUAL</Comparison>
                            <Value>0</Value>
                        </ControlCondition>
                        <ControlCondition>
                            <Resource>U_STATUS</Resource>
                            <Comparison>BITMASK</Comparison>
                            <Value>4</Value>
                        </ControlCondition>
                    </ControlConditions>
                </ControlShortcut>
                <ControlShortcut>
                    <ControlNumber>24</ControlNumber>
                    <ControlObjectiveNumber>26</ControlObjectiveNumber>
                    <ParameterType>POSITION_CLASS</ParameterType>
                    <Parameter>109</Parameter>
                    <KeyboardShortcut>$AchronKBCommCenter</KeyboardShortcut>
                    <Flags>
                        <ShortcutOnKeyRelease>0</ShortcutOnKeyRelease>
                        <EstTimeConstIsStart>0</EstTimeConstIsStart>
                        <ButtonDisabled>0</ButtonDisabled>
                        <UserControlsCustom>0</UserControlsCustom>
                        <ButtonInvisible>0</ButtonInvisible>
                        <SelectTarget>0</SelectTarget>
                    </Flags>
                    <EstTimeConst>18</EstTimeConst>
                    <EstTimeDist>12</EstTimeDist>
                    <Sound>Sound0</Sound>
                    <ControlConditions>
                        <ControlCondition>
                            <Resource>U_IS_CARRIED</Resource>
                            <Comparison>EQUAL</Comparison>
                            <Value>0</Value>
                        </ControlCondition>
                    </ControlConditions>
                </ControlShortcut>
            </ControlShortcuts>
        </ObjectClass>

