        <ActionStepModifier>
            <Name>Carrier Take Unit</Name>
            <StrengthBase>0</StrengthBase>
            <StrengthRange>0</StrengthRange>
            <StrengthCount>0</StrengthCount>
            <Flags>
                <Permeating>1</Permeating>
                <LimitDistance>1</LimitDistance>
                <SetLastAttackedDirection>0</SetLastAttackedDirection>
                <ContinueActionOnStepFailure>0</ContinueActionOnStepFailure>
            </Flags>
            <AccuracyMultiplier>1</AccuracyMultiplier>
            <EffectTimeout>0</EffectTimeout>
            <MinEffectRadius>0</MinEffectRadius>
            <EffectRadius>13</EffectRadius>
            <EffectHeight>31</EffectHeight>
            <MaxEffectAngle>360</MaxEffectAngle>
            <EffectSplashHeight>0</EffectSplashHeight>
            <EffectSplashRadius>0</EffectSplashRadius>
            <EffectSplashEffectiveRadius>0</EffectSplashEffectiveRadius>
            <TargetClass1>
                <Min>1</Min>
                <Max>4006</Max>
            </TargetClass1>
        </ActionStepModifier>


        <ObjectClass>
            <ClassNumber>1030</ClassNumber>
            <Name>Gargantuan</Name>
            <Description>GARGANTUAN:&#x0D;&#x0A;Ultra fast biological carrier aircraft&#x0D;&#x0A;Self healing [+3/s]; Superb blockade-runner&#x0D;&#x0A; &#x0D;&#x0A;No weapons; Repairs carried units&#x0D;&#x0A;Can mass produce base-class</Description>
            <Model>./grekim/gargantuan.mdl</Model>
            <Rank>290</Rank>
            <Type>2</Type>
            <PrioritySelectionRank>0</PrioritySelectionRank>
            <MaxHealth>150</MaxHealth>
            <MaxEnergy>3</MaxEnergy>
            <MaxArmor>2</MaxArmor>
            <MaxAmmo>10</MaxAmmo>
            <SightRadius>32</SightRadius>
            <ForwardMinSightRadius>0</ForwardMinSightRadius>
            <ReverseMaxSightRadius>0</ReverseMaxSightRadius>
            <ReverseMinSightRadius>0</ReverseMinSightRadius>
            <ForwardSightAngleOfView>360</ForwardSightAngleOfView>
            <SightHeight>30</SightHeight>
            <DistanceIndicatorRadius>0</DistanceIndicatorRadius>
            <AgilityMultiplier>1</AgilityMultiplier>
            <CarryingCapacity>60</CarryingCapacity>
            <MaxTerrainAngle>7</MaxTerrainAngle>
            <TicksToTurn45Degrees>3</TicksToTurn45Degrees>
            <HealthFieldName>Shielding</HealthFieldName>
            <EnergyFieldName>(progen progress)</EnergyFieldName>
            <AmmoFieldName>Generation</AmmoFieldName>
            <Flags>
                <VerticalMovementAllowed>1</VerticalMovementAllowed>
                <UnaffectedByTerrain>1</UnaffectedByTerrain>
                <GainKillExperience>1</GainKillExperience>
                <RemainUpright>1</RemainUpright>
                <NonGroupSelection>0</NonGroupSelection>
                <ShowVisibilityRange>0</ShowVisibilityRange>
                <ShowThroughFogOfWar>1</ShowThroughFogOfWar>
                <AlwaysShowVisibility>0</AlwaysShowVisibility>
                <SeeThroughObjects>1</SeeThroughObjects>
                <ActiveLocatorBeacon>0</ActiveLocatorBeacon>
                <AlwaysHighlightUnit>0</AlwaysHighlightUnit>
                <AlwaysSelectable>0</AlwaysSelectable>
                <AlwaysShowDistanceIndicator>0</AlwaysShowDistanceIndicator>
                <AppearAsNoOwnerUnlessVisible>0</AppearAsNoOwnerUnlessVisible>
                <AlwaysAppearAsNoOwner>0</AlwaysAppearAsNoOwner>
                <AlwaysHighlightUnitUnlessNoOwner>0</AlwaysHighlightUnitUnlessNoOwner>
                <HideHealthField>0</HideHealthField>
                <HideEnergyField>1</HideEnergyField>
                <HideArmorField>1</HideArmorField>
                <HideAmmoField>0</HideAmmoField>
                <HideCapacityField>0</HideCapacityField>
            </Flags>
            <Cloaking>
                <Gradar>0</Gradar>
                <Detector>0</Detector>
                <Visible>0</Visible>
            </Cloaking>
            <Sensing>
                <Gradar>0</Gradar>
                <Detector>0</Detector>
                <Visible>1</Visible>
            </Sensing>
            <StoppedActionSteps />
            <ChronoportedActionSteps />
            <ChronoportArrivedActionSteps>
                <Step>
                    <PrimitiveAction>ACCUM_STATISTIC</PrimitiveAction>
                    <Target>SELF</Target>
                    <Type>CPortArrivals</Type>
                    <ValueEval>ONE</ValueEval>
                    <Value>1</Value>
                </Step>
            </ChronoportArrivedActionSteps>
            <Animations>
                <Animation>
                    <Identifier>ACTION_MOVE_SLOW</Identifier>
                    <AnimationNum>0</AnimationNum>
                    <Sound>Sound0</Sound>
                    <AnimationTime>0</AnimationTime>
                    <ShowProgress>0</ShowProgress>
                    <MorphFromActionParameterClass>0</MorphFromActionParameterClass>
                    <LobProjectilePath>0</LobProjectilePath>
                    <RenderModelExplode>0</RenderModelExplode>
                    <Conditions>
                        <Condition>
                            <Resource>U_ACTION</Resource>
                            <Comparison>EQUAL</Comparison>
                            <Value>50</Value>
                        </Condition>
                    </Conditions>
                </Animation>
                <Animation>
                    <Identifier>ACTION_RELEASE_AIRUNIT</Identifier>
                    <AnimationNum>0</AnimationNum>
                    <Sound>Sound40</Sound>
                    <AnimationTime>0</AnimationTime>
                    <ShowProgress>0</ShowProgress>
                    <MorphFromActionParameterClass>0</MorphFromActionParameterClass>
                    <LobProjectilePath>0</LobProjectilePath>
                    <RenderModelExplode>0</RenderModelExplode>
                    <Conditions>
                        <Condition>
                            <Resource>U_ACTION</Resource>
                            <Comparison>EQUAL</Comparison>
                            <Value>49</Value>
                        </Condition>
                    </Conditions>
                </Animation>
                <Animation>
                    <Identifier>ACTION_RELEASE_UNIT</Identifier>
                    <AnimationNum>0</AnimationNum>
                    <Sound>Sound40</Sound>
                    <AnimationTime>0</AnimationTime>
                    <ShowProgress>0</ShowProgress>
                    <MorphFromActionParameterClass>0</MorphFromActionParameterClass>
                    <LobProjectilePath>0</LobProjectilePath>
                    <RenderModelExplode>0</RenderModelExplode>
                    <Conditions>
                        <Condition>
                            <Resource>U_ACTION</Resource>
                            <Comparison>EQUAL</Comparison>
                            <Value>48</Value>
                        </Condition>
                    </Conditions>
                </Animation>
                <Animation>
                    <Identifier>ACTION_ROTATE</Identifier>
                    <AnimationNum>0</AnimationNum>
                    <Sound>Sound0</Sound>
                    <AnimationTime>0</AnimationTime>
                    <ShowProgress>0</ShowProgress>
                    <MorphFromActionParameterClass>0</MorphFromActionParameterClass>
                    <LobProjectilePath>0</LobProjectilePath>
                    <RenderModelExplode>0</RenderModelExplode>
                    <Conditions>
                        <Condition>
                            <Resource>U_ACTION</Resource>
                            <Comparison>EQUAL</Comparison>
                            <Value>35</Value>
                        </Condition>
                    </Conditions>
                </Animation>
                <Animation>
                    <Identifier>ACTION_ERROR_CP</Identifier>
                    <AnimationNum>0</AnimationNum>
                    <Sound>Sound4</Sound>
                    <AnimationTime>0</AnimationTime>
                    <ShowProgress>0</ShowProgress>
                    <MorphFromActionParameterClass>0</MorphFromActionParameterClass>
                    <LobProjectilePath>0</LobProjectilePath>
                    <RenderModelExplode>0</RenderModelExplode>
                    <Conditions>
                        <Condition>
                            <Resource>U_ACTION</Resource>
                            <Comparison>EQUAL</Comparison>
                            <Value>33</Value>
                        </Condition>
                    </Conditions>
                </Animation>
                <Animation>
                    <Identifier>ACTION_ERROR1</Identifier>
                    <AnimationNum>0</AnimationNum>
                    <Sound>Sound1</Sound>
                    <AnimationTime>0</AnimationTime>
                    <ShowProgress>0</ShowProgress>
                    <MorphFromActionParameterClass>0</MorphFromActionParameterClass>
                    <LobProjectilePath>0</LobProjectilePath>
                    <RenderModelExplode>0</RenderModelExplode>
                    <Conditions>
                        <Condition>
                            <Resource>U_ACTION</Resource>
                            <Comparison>EQUAL</Comparison>
                            <Value>30</Value>
                        </Condition>
                    </Conditions>
                </Animation>
                <Animation>
                    <Identifier>ACTION_TAKE_UNIT_L2</Identifier>
                    <AnimationNum>0</AnimationNum>
                    <Sound>Sound39</Sound>
                    <AnimationTime>0</AnimationTime>
                    <ShowProgress>0</ShowProgress>
                    <MorphFromActionParameterClass>0</MorphFromActionParameterClass>
                    <LobProjectilePath>0</LobProjectilePath>
                    <RenderModelExplode>0</RenderModelExplode>
                    <Conditions>
                        <Condition>
                            <Resource>U_ACTION</Resource>
                            <Comparison>EQUAL</Comparison>
                            <Value>29</Value>
                        </Condition>
                    </Conditions>
                </Animation>
                <Animation>
                    <Identifier>ACTION_TAKE_UNIT_LONG</Identifier>
                    <AnimationNum>0</AnimationNum>
                    <Sound>Sound0</Sound>
                    <AnimationTime>0</AnimationTime>
                    <ShowProgress>1</ShowProgress>
                    <MorphFromActionParameterClass>0</MorphFromActionParameterClass>
                    <LobProjectilePath>0</LobProjectilePath>
                    <RenderModelExplode>0</RenderModelExplode>
                    <Conditions>
                        <Condition>
                            <Resource>U_ACTION</Resource>
                            <Comparison>EQUAL</Comparison>
                            <Value>28</Value>
                        </Condition>
                    </Conditions>
                </Animation>
                <Animation>
                    <Identifier>ACTION_TAKE_UNIT</Identifier>
                    <AnimationNum>0</AnimationNum>
                    <Sound>Sound39</Sound>
                    <AnimationTime>0</AnimationTime>
                    <ShowProgress>0</ShowProgress>
                    <MorphFromActionParameterClass>0</MorphFromActionParameterClass>
                    <LobProjectilePath>0</LobProjectilePath>
                    <RenderModelExplode>0</RenderModelExplode>
                    <Conditions>
                        <Condition>
                            <Resource>U_ACTION</Resource>
                            <Comparison>EQUAL</Comparison>
                            <Value>27</Value>
                        </Condition>
                    </Conditions>
                </Animation>
                <Animation>
                    <Identifier>ACTION_MAKE_CARRIER</Identifier>
                    <AnimationNum>0</AnimationNum>
                    <Sound>Sound0</Sound>
                    <VertShaderEffect>XZ_PLANE_CLAMPED_VERT_SCALE</VertShaderEffect>
                    <FragShaderEffect>TELEPORT_BUILD</FragShaderEffect>
                    <AnimationTime>0</AnimationTime>
                    <ShowProgress>1</ShowProgress>
                    <MorphFromActionParameterClass>1</MorphFromActionParameterClass>
                    <LobProjectilePath>0</LobProjectilePath>
                    <RenderModelExplode>0</RenderModelExplode>
                    <Conditions>
                        <Condition>
                            <Resource>U_ACTION</Resource>
                            <Comparison>EQUAL</Comparison>
                            <Value>16</Value>
                        </Condition>
                    </Conditions>
                </Animation>
                <Animation>
                    <Identifier>ACTION_MOVE</Identifier>
                    <AnimationNum>0</AnimationNum>
                    <Sound>Sound0</Sound>
                    <AnimationTime>0</AnimationTime>
                    <ShowProgress>0</ShowProgress>
                    <MorphFromActionParameterClass>0</MorphFromActionParameterClass>
                    <LobProjectilePath>0</LobProjectilePath>
                    <RenderModelExplode>0</RenderModelExplode>
                    <Conditions>
                        <Condition>
                            <Resource>U_ACTION</Resource>
                            <Comparison>EQUAL</Comparison>
                            <Value>2</Value>
                        </Condition>
                    </Conditions>
                </Animation>
                <Animation>
                    <Identifier>ACTION_DESTROY</Identifier>
                    <AnimationNum>1</AnimationNum>
                    <Sound>Sound18</Sound>
                    <AnimationTime>0</AnimationTime>
                    <ShowProgress>0</ShowProgress>
                    <MorphFromActionParameterClass>0</MorphFromActionParameterClass>
                    <LobProjectilePath>0</LobProjectilePath>
                    <RenderModelExplode>1</RenderModelExplode>
                    <Conditions>
                        <Condition>
                            <Resource>U_ACTION</Resource>
                            <Comparison>EQUAL</Comparison>
                            <Value>1</Value>
                        </Condition>
                    </Conditions>
                </Animation>
                <Animation>
                    <Identifier>ACTION_CREATE</Identifier>
                    <AnimationNum>1</AnimationNum>
                    <Sound>Sound0</Sound>
                    <VertShaderEffect>XZ_PLANE_CLAMPED_VERT_SCALE</VertShaderEffect>
                    <FragShaderEffect>TELEPORT_BUILD</FragShaderEffect>
                    <AnimationTime>0</AnimationTime>
                    <ShowProgress>1</ShowProgress>
                    <MorphFromActionParameterClass>0</MorphFromActionParameterClass>
                    <LobProjectilePath>0</LobProjectilePath>
                    <RenderModelExplode>0</RenderModelExplode>
                    <Conditions>
                        <Condition>
                            <Resource>U_ACTION</Resource>
                            <Comparison>EQUAL</Comparison>
                            <Value>0</Value>
                        </Condition>
                    </Conditions>
                </Animation>
                <Animation>
                    <Identifier>idle</Identifier>
                    <AnimationNum>0</AnimationNum>
                    <Sound>Sound0</Sound>
                    <AnimationTime>24</AnimationTime>
                    <ShowProgress>0</ShowProgress>
                    <MorphFromActionParameterClass>0</MorphFromActionParameterClass>
                    <LobProjectilePath>0</LobProjectilePath>
                    <RenderModelExplode>0</RenderModelExplode>
                    <Conditions />
                </Animation>
            </Animations>
            <Actions>
                <Action>
                    <ActionNumber>0</ActionNumber>
                    <Identifier>ACTION_CREATE</Identifier>
                    <TimeTaken>900</TimeTaken>
                    <ForceObjectAction>0</ForceObjectAction>
                    <InterruptCurrentAction>0</InterruptCurrentAction>
                    <MutexAction>0</MutexAction>
                    <FailOnInvalidTarget>0</FailOnInvalidTarget>
                    <PreserveParameter>0</PreserveParameter>
                    <AIScriptCanRun>0</AIScriptCanRun>
                    <SetParamZeroTicks>0</SetParamZeroTicks>
                    <AllowActionWhenStopped>0</AllowActionWhenStopped>
                    <LobProjectilePath>0</LobProjectilePath>
                    <Conditions />
                    <Steps>
                        <Step>
                            <PrimitiveAction>CONSUME_RESOURCE</PrimitiveAction>
                            <Target>SELF</Target>
                            <Type>U_ENERGY</Type>
                            <ValueEval>SET_TO_VALUE</ValueEval>
                            <Value>3</Value>
                        </Step>
                    </Steps>
                </Action>
                <Action>
                    <ActionNumber>1</ActionNumber>
                    <Identifier>ACTION_DESTROY</Identifier>
                    <TimeTaken>24</TimeTaken>
                    <ForceObjectAction>1</ForceObjectAction>
                    <InterruptCurrentAction>1</InterruptCurrentAction>
                    <MutexAction>1</MutexAction>
                    <FailOnInvalidTarget>0</FailOnInvalidTarget>
                    <PreserveParameter>0</PreserveParameter>
                    <AIScriptCanRun>0</AIScriptCanRun>
                    <SetParamZeroTicks>0</SetParamZeroTicks>
                    <AllowActionWhenStopped>0</AllowActionWhenStopped>
                    <LobProjectilePath>0</LobProjectilePath>
                    <Conditions>
                        <Condition>
                            <Resource>U_HP</Resource>
                            <Comparison>EQUAL</Comparison>
                            <Value>0</Value>
                        </Condition>
                    </Conditions>
                    <Steps>
                        <Step>
                            <PrimitiveAction>ACCUM_STATISTIC</PrimitiveAction>
                            <Target>SELF</Target>
                            <Type>UnitsDestroyed</Type>
                            <ValueEval>ONE</ValueEval>
                            <Value>1</Value>
                        </Step>
                    </Steps>
                </Action>
                <Action>
                    <ActionNumber>2</ActionNumber>
                    <Identifier>ACTION_MOVE</Identifier>
                    <TimeTaken>3</TimeTaken>
                    <ForceObjectAction>0</ForceObjectAction>
                    <InterruptCurrentAction>0</InterruptCurrentAction>
                    <MutexAction>0</MutexAction>
                    <FailOnInvalidTarget>0</FailOnInvalidTarget>
                    <PreserveParameter>0</PreserveParameter>
                    <AIScriptCanRun>0</AIScriptCanRun>
                    <SetParamZeroTicks>0</SetParamZeroTicks>
                    <AllowActionWhenStopped>0</AllowActionWhenStopped>
                    <LobProjectilePath>0</LobProjectilePath>
                    <Conditions />
                    <Steps>
                        <Step>
                            <PrimitiveAction>MOVE</PrimitiveAction>
                            <Target>SELF</Target>
                            <Value>2</Value>
                        </Step>
                    </Steps>
                </Action>
                <Action>
                    <ActionNumber>5</ActionNumber>
                    <Identifier>ACTION_PLANT</Identifier>
                    <TimeTaken>1</TimeTaken>
                    <ForceObjectAction>0</ForceObjectAction>
                    <InterruptCurrentAction>0</InterruptCurrentAction>
                    <MutexAction>0</MutexAction>
                    <FailOnInvalidTarget>0</FailOnInvalidTarget>
                    <PreserveParameter>0</PreserveParameter>
                    <AIScriptCanRun>0</AIScriptCanRun>
                    <SetParamZeroTicks>0</SetParamZeroTicks>
                    <AllowActionWhenStopped>0</AllowActionWhenStopped>
                    <LobProjectilePath>0</LobProjectilePath>
                    <Conditions />
                    <Steps />
                </Action>
                <Action>
                    <ActionNumber>6</ActionNumber>
                    <Identifier>ACTION_CHANGE_COMMANDER</Identifier>
                    <TimeTaken>0</TimeTaken>
                    <ForceObjectAction>0</ForceObjectAction>
                    <InterruptCurrentAction>0</InterruptCurrentAction>
                    <MutexAction>0</MutexAction>
                    <FailOnInvalidTarget>0</FailOnInvalidTarget>
                    <PreserveParameter>0</PreserveParameter>
                    <AIScriptCanRun>0</AIScriptCanRun>
                    <SetParamZeroTicks>0</SetParamZeroTicks>
                    <AllowActionWhenStopped>0</AllowActionWhenStopped>
                    <LobProjectilePath>0</LobProjectilePath>
                    <Conditions>
                        <Condition>
                            <Resource>U_STATUS</Resource>
                            <Comparison>BITMASK_NOT</Comparison>
                            <Value>2</Value>
                        </Condition>
                    </Conditions>
                    <Steps>
                        <Step>
                            <PrimitiveAction>CHANGE_COMMANDER</PrimitiveAction>
                            <Target>SELF</Target>
                        </Step>
                    </Steps>
                </Action>
                <Action>
                    <ActionNumber>7</ActionNumber>
                    <Identifier>ACTION_CLEAR_COMMANDER</Identifier>
                    <TimeTaken>0</TimeTaken>
                    <ForceObjectAction>0</ForceObjectAction>
                    <InterruptCurrentAction>0</InterruptCurrentAction>
                    <MutexAction>0</MutexAction>
                    <FailOnInvalidTarget>0</FailOnInvalidTarget>
                    <PreserveParameter>0</PreserveParameter>
                    <AIScriptCanRun>0</AIScriptCanRun>
                    <SetParamZeroTicks>0</SetParamZeroTicks>
                    <AllowActionWhenStopped>0</AllowActionWhenStopped>
                    <LobProjectilePath>0</LobProjectilePath>
                    <Conditions />
                    <Steps />
                </Action>
                <Action>
                    <ActionNumber>9</ActionNumber>
                    <Identifier>ACTION_REPAIR</Identifier>
                    <TimeTaken>0</TimeTaken>
                    <ForceObjectAction>0</ForceObjectAction>
                    <InterruptCurrentAction>0</InterruptCurrentAction>
                    <MutexAction>0</MutexAction>
                    <FailOnInvalidTarget>1</FailOnInvalidTarget>
                    <PreserveParameter>0</PreserveParameter>
                    <AIScriptCanRun>0</AIScriptCanRun>
                    <SetParamZeroTicks>0</SetParamZeroTicks>
                    <AllowActionWhenStopped>0</AllowActionWhenStopped>
                    <LobProjectilePath>0</LobProjectilePath>
                    <Conditions>
                        <Condition>
                            <Resource>U_OBJECTIVE</Resource>
                            <Comparison>EQUAL</Comparison>
                            <Value>0</Value>
                        </Condition>
                        <Condition>
                            <Resource>T_IS_CARRIED</Resource>
                            <Comparison>EQUAL</Comparison>
                            <Value>1</Value>
                        </Condition>
                        <Condition>
                            <Resource>T_ALLY</Resource>
                            <Comparison>EQUAL</Comparison>
                            <Value>1</Value>
                        </Condition>
                    </Conditions>
                    <Steps>
                        <Step>
                            <PrimitiveAction>CONSUME_RESOURCE</PrimitiveAction>
                            <Target>TARGET_UNIT</Target>
                            <Type>U_HP</Type>
                            <ValueEval>ONE</ValueEval>
                            <Value>-15</Value>
                        </Step>
                    </Steps>
                </Action>
                <Action>
                    <ActionNumber>16</ActionNumber>
                    <Identifier>ACTION_MAKE_CARRIER</Identifier>
                    <TimeTaken>1</TimeTaken>
                    <ForceObjectAction>0</ForceObjectAction>
                    <InterruptCurrentAction>0</InterruptCurrentAction>
                    <MutexAction>0</MutexAction>
                    <FailOnInvalidTarget>0</FailOnInvalidTarget>
                    <PreserveParameter>1</PreserveParameter>
                    <AIScriptCanRun>0</AIScriptCanRun>
                    <SetParamZeroTicks>0</SetParamZeroTicks>
                    <AllowActionWhenStopped>0</AllowActionWhenStopped>
                    <LobProjectilePath>0</LobProjectilePath>
                    <Conditions />
                    <Steps />
                </Action>
                <Action>
                    <ActionNumber>17</ActionNumber>
                    <Identifier>ACTION_STARTUP</Identifier>
                    <TimeTaken>180</TimeTaken>
                    <ForceObjectAction>0</ForceObjectAction>
                    <InterruptCurrentAction>0</InterruptCurrentAction>
                    <MutexAction>0</MutexAction>
                    <FailOnInvalidTarget>0</FailOnInvalidTarget>
                    <PreserveParameter>0</PreserveParameter>
                    <AIScriptCanRun>0</AIScriptCanRun>
                    <SetParamZeroTicks>0</SetParamZeroTicks>
                    <AllowActionWhenStopped>0</AllowActionWhenStopped>
                    <LobProjectilePath>0</LobProjectilePath>
                    <Conditions>
                        <Condition>
                            <Resource>U_ACTION</Resource>
                            <Comparison>EQUAL</Comparison>
                            <Value>16</Value>
                        </Condition>
                    </Conditions>
                    <Steps />
                </Action>
                <Action>
                    <ActionNumber>23</ActionNumber>
                    <Identifier>ACTION_ACT_PARAMETERS</Identifier>
                    <TimeTaken>1</TimeTaken>
                    <ForceObjectAction>0</ForceObjectAction>
                    <InterruptCurrentAction>0</InterruptCurrentAction>
                    <MutexAction>0</MutexAction>
                    <FailOnInvalidTarget>0</FailOnInvalidTarget>
                    <PreserveParameter>1</PreserveParameter>
                    <AIScriptCanRun>0</AIScriptCanRun>
                    <SetParamZeroTicks>0</SetParamZeroTicks>
                    <AllowActionWhenStopped>0</AllowActionWhenStopped>
                    <LobProjectilePath>0</LobProjectilePath>
                    <Conditions />
                    <Steps />
                </Action>
                <Action>
                    <ActionNumber>24</ActionNumber>
                    <Identifier>ACTION_CREATE_OCTO</Identifier>
                    <TimeTaken>1</TimeTaken>
                    <ForceObjectAction>0</ForceObjectAction>
                    <InterruptCurrentAction>0</InterruptCurrentAction>
                    <MutexAction>0</MutexAction>
                    <FailOnInvalidTarget>0</FailOnInvalidTarget>
                    <PreserveParameter>0</PreserveParameter>
                    <AIScriptCanRun>0</AIScriptCanRun>
                    <SetParamZeroTicks>0</SetParamZeroTicks>
                    <AllowActionWhenStopped>0</AllowActionWhenStopped>
                    <Conditions>
                        <Condition>
                            <Resource>P_Q_PLASMA</Resource>
                            <Comparison>GEQUAL</Comparison>
                            <Value>60</Value>
                        </Condition>
                        <Condition>
                            <Resource>U_AMMO</Resource>
                            <Comparison>GEQUAL</Comparison>
                            <Value>5</Value>
                        </Condition>
                    </Conditions>
                    <Steps>
                        <Step>
                            <PrimitiveAction>CONSUME_RESOURCE</PrimitiveAction>
                            <Target>SELF</Target>
                            <Type>U_AMMO</Type>
                            <ValueEval>ONE</ValueEval>
                            <Value>5</Value>
                        </Step>
                        <Step>
                            <PrimitiveAction>CONSUME_RESOURCE</PrimitiveAction>
                            <Target>SELF</Target>
                            <Type>U_ENERGY</Type>
                            <ValueEval>SET_TO_VALUE</ValueEval>
                            <Value>0</Value>
                        </Step>
                        <Step>
                            <PrimitiveAction>CONSUME_RESOURCE</PrimitiveAction>
                            <Target>SELF</Target>
                            <Type>U_ARMOUR</Type>
                            <ValueEval>SET_TO_VALUE</ValueEval>
                            <Value>0</Value>
                        </Step>
                    </Steps>
                </Action>
                <Action>
                    <ActionNumber>25</ActionNumber>
                    <Identifier>ACTION_CREATE_SEPIA</Identifier>
                    <TimeTaken>1</TimeTaken>
                    <ForceObjectAction>0</ForceObjectAction>
                    <InterruptCurrentAction>0</InterruptCurrentAction>
                    <MutexAction>0</MutexAction>
                    <FailOnInvalidTarget>0</FailOnInvalidTarget>
                    <PreserveParameter>0</PreserveParameter>
                    <AIScriptCanRun>0</AIScriptCanRun>
                    <SetParamZeroTicks>0</SetParamZeroTicks>
                    <AllowActionWhenStopped>0</AllowActionWhenStopped>
                    <Conditions>
                        <Condition>
                            <Resource>P_Q_PLASMA</Resource>
                            <Comparison>GEQUAL</Comparison>
                            <Value>60</Value>
                        </Condition>
                        <Condition>
                            <Resource>U_AMMO</Resource>
                            <Comparison>GEQUAL</Comparison>
                            <Value>5</Value>
                        </Condition>
                    </Conditions>
                    <Steps>
                        <Step>
                            <PrimitiveAction>CONSUME_RESOURCE</PrimitiveAction>
                            <Target>SELF</Target>
                            <Type>U_AMMO</Type>
                            <ValueEval>ONE</ValueEval>
                            <Value>5</Value>
                        </Step>
                        <Step>
                            <PrimitiveAction>CONSUME_RESOURCE</PrimitiveAction>
                            <Target>SELF</Target>
                            <Type>U_ENERGY</Type>
                            <ValueEval>SET_TO_VALUE</ValueEval>
                            <Value>0</Value>
                        </Step>
                        <Step>
                            <PrimitiveAction>CONSUME_RESOURCE</PrimitiveAction>
                            <Target>SELF</Target>
                            <Type>U_ARMOUR</Type>
                            <ValueEval>SET_TO_VALUE</ValueEval>
                            <Value>1</Value>
                        </Step>
                    </Steps>
                </Action>
                <Action>
                    <ActionNumber>26</ActionNumber>
                    <Identifier>ACTION_CREATE_PHARAO</Identifier>
                    <TimeTaken>1</TimeTaken>
                    <ForceObjectAction>0</ForceObjectAction>
                    <InterruptCurrentAction>0</InterruptCurrentAction>
                    <MutexAction>0</MutexAction>
                    <FailOnInvalidTarget>0</FailOnInvalidTarget>
                    <PreserveParameter>0</PreserveParameter>
                    <AIScriptCanRun>0</AIScriptCanRun>
                    <SetParamZeroTicks>0</SetParamZeroTicks>
                    <AllowActionWhenStopped>0</AllowActionWhenStopped>
                    <Conditions>
                        <Condition>
                            <Resource>P_Q_PLASMA</Resource>
                            <Comparison>GEQUAL</Comparison>
                            <Value>60</Value>
                        </Condition>
                        <Condition>
                            <Resource>U_AMMO</Resource>
                            <Comparison>GEQUAL</Comparison>
                            <Value>5</Value>
                        </Condition>
                    </Conditions>
                    <Steps>
                        <Step>
                            <PrimitiveAction>CONSUME_RESOURCE</PrimitiveAction>
                            <Target>SELF</Target>
                            <Type>U_AMMO</Type>
                            <ValueEval>ONE</ValueEval>
                            <Value>5</Value>
                        </Step>
                        <Step>
                            <PrimitiveAction>CONSUME_RESOURCE</PrimitiveAction>
                            <Target>SELF</Target>
                            <Type>U_ENERGY</Type>
                            <ValueEval>SET_TO_VALUE</ValueEval>
                            <Value>0</Value>
                        </Step>
                        <Step>
                            <PrimitiveAction>CONSUME_RESOURCE</PrimitiveAction>
                            <Target>SELF</Target>
                            <Type>U_ARMOUR</Type>
                            <ValueEval>SET_TO_VALUE</ValueEval>
                            <Value>2</Value>
                        </Step>
                    </Steps>
                </Action>
                <Action>
                    <ActionNumber>27</ActionNumber>
                    <Identifier>ACTION_TAKE_UNIT</Identifier>
                    <TimeTaken>6</TimeTaken>
                    <ForceObjectAction>0</ForceObjectAction>
                    <InterruptCurrentAction>0</InterruptCurrentAction>
                    <MutexAction>0</MutexAction>
                    <FailOnInvalidTarget>1</FailOnInvalidTarget>
                    <PreserveParameter>0</PreserveParameter>
                    <AIScriptCanRun>0</AIScriptCanRun>
                    <SetParamZeroTicks>0</SetParamZeroTicks>
                    <AllowActionWhenStopped>0</AllowActionWhenStopped>
                    <LobProjectilePath>0</LobProjectilePath>
                    <Conditions>
                        <Condition>
                            <Resource>T_CLASS</Resource>
                            <Comparison>NOT_EQUAL</Comparison>
                            <Value>1030</Value>
                        </Condition>
                        <Condition>
                            <Resource>T_CLASS</Resource>
                            <Comparison>NOT_EQUAL</Comparison>
                            <Value>215</Value>
                        </Condition>
                        <Condition>
                            <Resource>T_CLASS</Resource>
                            <Comparison>NOT_EQUAL</Comparison>
                            <Value>2105</Value>
                        </Condition>
                        <Condition>
                            <Resource>T_CLASS</Resource>
                            <Comparison>NOT_EQUAL</Comparison>
                            <Value>2106</Value>
                        </Condition>
                    </Conditions>
                    <Steps>
                        <Step>
                            <PrimitiveAction>TAKE_UNIT</PrimitiveAction>
                            <Target>TARGET_UNIT</Target>
                            <ActionStepModifier>Carrier Take Unit</ActionStepModifier>
                        </Step>
                    </Steps>
                </Action>
                <Action>
                    <ActionNumber>28</ActionNumber>
                    <Identifier>ACTION_TAKE_UNIT_LONG</Identifier>
                    <TimeTaken>48</TimeTaken>
                    <ForceObjectAction>0</ForceObjectAction>
                    <InterruptCurrentAction>0</InterruptCurrentAction>
                    <MutexAction>0</MutexAction>
                    <FailOnInvalidTarget>1</FailOnInvalidTarget>
                    <PreserveParameter>0</PreserveParameter>
                    <AIScriptCanRun>0</AIScriptCanRun>
                    <SetParamZeroTicks>0</SetParamZeroTicks>
                    <AllowActionWhenStopped>0</AllowActionWhenStopped>
                    <LobProjectilePath>0</LobProjectilePath>
                    <Conditions>
                        <Condition>
                            <Resource>T_CLASS</Resource>
                            <Comparison>NOT_EQUAL</Comparison>
                            <Value>1030</Value>
                        </Condition>
                        <Condition>
                            <Resource>T_CLASS</Resource>
                            <Comparison>NOT_EQUAL</Comparison>
                            <Value>215</Value>
                        </Condition>
                        <Condition>
                            <Resource>T_CLASS</Resource>
                            <Comparison>NOT_EQUAL</Comparison>
                            <Value>2105</Value>
                        </Condition>
                        <Condition>
                            <Resource>T_CLASS</Resource>
                            <Comparison>NOT_EQUAL</Comparison>
                            <Value>2106</Value>
                        </Condition>
                    </Conditions>
                    <Steps />
                </Action>
                <Action>
                    <ActionNumber>29</ActionNumber>
                    <Identifier>ACTION_TAKE_UNIT_L2</Identifier>
                    <TimeTaken>6</TimeTaken>
                    <ForceObjectAction>1</ForceObjectAction>
                    <InterruptCurrentAction>0</InterruptCurrentAction>
                    <MutexAction>1</MutexAction>
                    <FailOnInvalidTarget>0</FailOnInvalidTarget>
                    <PreserveParameter>1</PreserveParameter>
                    <AIScriptCanRun>0</AIScriptCanRun>
                    <SetParamZeroTicks>0</SetParamZeroTicks>
                    <AllowActionWhenStopped>0</AllowActionWhenStopped>
                    <Conditions>
                        <Condition>
                            <Resource>U_ACTION</Resource>
                            <Comparison>EQUAL</Comparison>
                            <Value>28</Value>
                        </Condition>
                    </Conditions>
                    <Steps>
                        <Step>
                            <PrimitiveAction>TAKE_UNIT</PrimitiveAction>
                            <Target>TARGET_UNIT</Target>
                            <ActionStepModifier>Carrier Take Unit</ActionStepModifier>
                        </Step>
                    </Steps>
                </Action>
                <Action>
                    <ActionNumber>30</ActionNumber>
                    <Identifier>ACTION_ERROR1</Identifier>
                    <TimeTaken>1</TimeTaken>
                    <ForceObjectAction>0</ForceObjectAction>
                    <InterruptCurrentAction>0</InterruptCurrentAction>
                    <MutexAction>0</MutexAction>
                    <FailOnInvalidTarget>0</FailOnInvalidTarget>
                    <PreserveParameter>0</PreserveParameter>
                    <AIScriptCanRun>0</AIScriptCanRun>
                    <SetParamZeroTicks>0</SetParamZeroTicks>
                    <AllowActionWhenStopped>0</AllowActionWhenStopped>
                    <LobProjectilePath>0</LobProjectilePath>
                    <Conditions />
                    <Steps />
                </Action>
                <Action>
                    <ActionNumber>33</ActionNumber>
                    <Identifier>ACTION_ERROR_CP</Identifier>
                    <TimeTaken>1</TimeTaken>
                    <ForceObjectAction>0</ForceObjectAction>
                    <InterruptCurrentAction>0</InterruptCurrentAction>
                    <MutexAction>0</MutexAction>
                    <FailOnInvalidTarget>0</FailOnInvalidTarget>
                    <PreserveParameter>0</PreserveParameter>
                    <AIScriptCanRun>0</AIScriptCanRun>
                    <SetParamZeroTicks>0</SetParamZeroTicks>
                    <AllowActionWhenStopped>0</AllowActionWhenStopped>
                    <LobProjectilePath>0</LobProjectilePath>
                    <Conditions />
                    <Steps>
                        <Step>
                            <PrimitiveAction>CLEAR_STATUS</PrimitiveAction>
                            <Target>SELF</Target>
                            <Type>STATUS_CAPABILITY_5</Type>
                        </Step>
                        <Step>
                            <PrimitiveAction>CHANGE_COMMANDER</PrimitiveAction>
                            <Target>SELF</Target>
                        </Step>
                    </Steps>
                </Action>
                <Action>
                    <ActionNumber>35</ActionNumber>
                    <Identifier>ACTION_ROTATE</Identifier>
                    <TimeTaken>1</TimeTaken>
                    <ForceObjectAction>0</ForceObjectAction>
                    <InterruptCurrentAction>0</InterruptCurrentAction>
                    <MutexAction>0</MutexAction>
                    <FailOnInvalidTarget>0</FailOnInvalidTarget>
                    <PreserveParameter>0</PreserveParameter>
                    <AIScriptCanRun>0</AIScriptCanRun>
                    <SetParamZeroTicks>0</SetParamZeroTicks>
                    <AllowActionWhenStopped>0</AllowActionWhenStopped>
                    <LobProjectilePath>0</LobProjectilePath>
                    <Conditions />
                    <Steps>
                        <Step>
                            <PrimitiveAction>ROTATE</PrimitiveAction>
                            <Target>SELF</Target>
                        </Step>
                    </Steps>
                </Action>
                <Action>
                    <ActionNumber>37</ActionNumber>
                    <Identifier>ACTION_SELF_REPAIR</Identifier>
                    <TimeTaken>0</TimeTaken>
                    <ForceObjectAction>1</ForceObjectAction>
                    <InterruptCurrentAction>1</InterruptCurrentAction>
                    <MutexAction>0</MutexAction>
                    <FailOnInvalidTarget>0</FailOnInvalidTarget>
                    <PreserveParameter>0</PreserveParameter>
                    <AIScriptCanRun>0</AIScriptCanRun>
                    <SetParamZeroTicks>0</SetParamZeroTicks>
                    <AllowActionWhenStopped>0</AllowActionWhenStopped>
                    <LobProjectilePath>0</LobProjectilePath>
                    <Conditions>
                        <Condition>
                            <Resource>U_AGE</Resource>
                            <Comparison>MODULO_IS_ZERO</Comparison>
                            <Value>36</Value>
                        </Condition>
                        <Condition>
                            <Resource>U_HP</Resource>
                            <Comparison>LESS</Comparison>
                            <Value>150</Value>
                        </Condition>
                    </Conditions>
                    <Steps>
                        <Step>
                            <PrimitiveAction>CONSUME_RESOURCE</PrimitiveAction>
                            <Target>SELF</Target>
                            <Type>U_HP</Type>
                            <ValueEval>ONE</ValueEval>
                            <Value>-6</Value>
                        </Step>
                    </Steps>
                </Action>
                <Action>
                    <ActionNumber>38</ActionNumber>
                    <Identifier>ACTION_AUTO_TROOP</Identifier>
                    <TimeTaken>0</TimeTaken>
                    <ForceObjectAction>1</ForceObjectAction>
                    <InterruptCurrentAction>1</InterruptCurrentAction>
                    <MutexAction>0</MutexAction>
                    <FailOnInvalidTarget>0</FailOnInvalidTarget>
                    <PreserveParameter>0</PreserveParameter>
                    <AIScriptCanRun>0</AIScriptCanRun>
                    <SetParamZeroTicks>0</SetParamZeroTicks>
                    <AllowActionWhenStopped>0</AllowActionWhenStopped>
                    <LobProjectilePath>0</LobProjectilePath>
                    <Conditions>
                        <Condition>
                            <Resource>U_AGE</Resource>
                            <Comparison>MODULO_IS_ZERO</Comparison>
                            <Value>160</Value>
                        </Condition>
                        <Condition>
                            <Resource>U_AMMO</Resource>
                            <Comparison>LESS</Comparison>
                            <Value>10</Value>
                        </Condition>
                    </Conditions>
                    <Steps>
                        <Step>
                            <PrimitiveAction>CONSUME_RESOURCE</PrimitiveAction>
                            <Target>SELF</Target>
                            <Type>U_AMMO</Type>
                            <ValueEval>ONE</ValueEval>
                            <Value>-1</Value>
                        </Step>
                    </Steps>
                </Action>
                <Action>
                    <ActionNumber>39</ActionNumber>
                    <Identifier>ACTION_SET_OBJECTIVE_IDLE</Identifier>
                    <TimeTaken>0</TimeTaken>
                    <ForceObjectAction>0</ForceObjectAction>
                    <InterruptCurrentAction>0</InterruptCurrentAction>
                    <MutexAction>0</MutexAction>
                    <FailOnInvalidTarget>1</FailOnInvalidTarget>
                    <PreserveParameter>0</PreserveParameter>
                    <AIScriptCanRun>0</AIScriptCanRun>
                    <SetParamZeroTicks>0</SetParamZeroTicks>
                    <AllowActionWhenStopped>0</AllowActionWhenStopped>
                    <LobProjectilePath>0</LobProjectilePath>
                    <Conditions>
                        <Condition>
                            <Resource>T_ALLY</Resource>
                            <Comparison>EQUAL</Comparison>
                            <Value>1</Value>
                        </Condition>
                    </Conditions>
                    <Steps>
                        <Step>
                            <PrimitiveAction>CONSUME_RESOURCE</PrimitiveAction>
                            <Target>TARGET_UNIT</Target>
                            <Type>U_OBJECTIVE</Type>
                            <ValueEval>SET_TO_VALUE</ValueEval>
                            <Value>0</Value>
                        </Step>
                    </Steps>
                </Action>
                <Action>
                    <ActionNumber>44</ActionNumber>
                    <Identifier>ACTION_CREATE_OCTO_2</Identifier>
                    <TimeTaken>6</TimeTaken>
                    <ForceObjectAction>1</ForceObjectAction>
                    <InterruptCurrentAction>0</InterruptCurrentAction>
                    <MutexAction>0</MutexAction>
                    <FailOnInvalidTarget>0</FailOnInvalidTarget>
                    <PreserveParameter>0</PreserveParameter>
                    <AIScriptCanRun>0</AIScriptCanRun>
                    <SetParamZeroTicks>0</SetParamZeroTicks>
                    <AllowActionWhenStopped>0</AllowActionWhenStopped>
                    <Conditions>
                        <Condition>
                            <Resource>P_Q_PLASMA</Resource>
                            <Comparison>GEQUAL</Comparison>
                            <Value>60</Value>
                        </Condition>
                        <Condition>
                            <Resource>U_ARMOUR</Resource>
                            <Comparison>EQUAL</Comparison>
                            <Value>0</Value>
                        </Condition>
                        <Condition>
                            <Resource>U_ENERGY</Resource>
                            <Comparison>NOT_EQUAL</Comparison>
                            <Value>3</Value>
                        </Condition>
                    </Conditions>
                    <Steps>
                        <Step>
                            <PrimitiveAction>CONSUME_RESOURCE</PrimitiveAction>
                            <Target>SELF</Target>
                            <Type>U_ENERGY</Type>
                            <ValueEval>ONE</ValueEval>
                            <Value>-1</Value>
                        </Step>
                        <Step>
                            <PrimitiveAction>CREATE_CARRIED_UNIT</PrimitiveAction>
                            <Target>SELF</Target>
                            <Value>1001</Value>
                        </Step>
                    </Steps>
                </Action>
                <Action>
                    <ActionNumber>45</ActionNumber>
                    <Identifier>ACTION_CREATE_SEPI_2</Identifier>
                    <TimeTaken>6</TimeTaken>
                    <ForceObjectAction>1</ForceObjectAction>
                    <InterruptCurrentAction>0</InterruptCurrentAction>
                    <MutexAction>0</MutexAction>
                    <FailOnInvalidTarget>0</FailOnInvalidTarget>
                    <PreserveParameter>0</PreserveParameter>
                    <AIScriptCanRun>0</AIScriptCanRun>
                    <SetParamZeroTicks>0</SetParamZeroTicks>
                    <AllowActionWhenStopped>0</AllowActionWhenStopped>
                    <Conditions>
                        <Condition>
                            <Resource>P_Q_PLASMA</Resource>
                            <Comparison>GEQUAL</Comparison>
                            <Value>60</Value>
                        </Condition>
                        <Condition>
                            <Resource>U_ARMOUR</Resource>
                            <Comparison>EQUAL</Comparison>
                            <Value>1</Value>
                        </Condition>
                        <Condition>
                            <Resource>U_ENERGY</Resource>
                            <Comparison>NOT_EQUAL</Comparison>
                            <Value>3</Value>
                        </Condition>
                    </Conditions>
                    <Steps>
                        <Step>
                            <PrimitiveAction>CONSUME_RESOURCE</PrimitiveAction>
                            <Target>SELF</Target>
                            <Type>U_ENERGY</Type>
                            <ValueEval>ONE</ValueEval>
                            <Value>-1</Value>
                        </Step>
                        <Step>
                            <PrimitiveAction>CREATE_CARRIED_UNIT</PrimitiveAction>
                            <Target>SELF</Target>
                            <Value>1006</Value>
                        </Step>
                    </Steps>
                </Action>
                <Action>
                    <ActionNumber>46</ActionNumber>
                    <Identifier>ACTION_CREATE_PHARO_2</Identifier>
                    <TimeTaken>6</TimeTaken>
                    <ForceObjectAction>1</ForceObjectAction>
                    <InterruptCurrentAction>0</InterruptCurrentAction>
                    <MutexAction>0</MutexAction>
                    <FailOnInvalidTarget>0</FailOnInvalidTarget>
                    <PreserveParameter>0</PreserveParameter>
                    <AIScriptCanRun>0</AIScriptCanRun>
                    <SetParamZeroTicks>0</SetParamZeroTicks>
                    <AllowActionWhenStopped>0</AllowActionWhenStopped>
                    <Conditions>
                        <Condition>
                            <Resource>P_Q_PLASMA</Resource>
                            <Comparison>GEQUAL</Comparison>
                            <Value>60</Value>
                        </Condition>
                        <Condition>
                            <Resource>U_ARMOUR</Resource>
                            <Comparison>EQUAL</Comparison>
                            <Value>2</Value>
                        </Condition>
                        <Condition>
                            <Resource>U_ENERGY</Resource>
                            <Comparison>NOT_EQUAL</Comparison>
                            <Value>3</Value>
                        </Condition>
                    </Conditions>
                    <Steps>
                        <Step>
                            <PrimitiveAction>CONSUME_RESOURCE</PrimitiveAction>
                            <Target>SELF</Target>
                            <Type>U_ENERGY</Type>
                            <ValueEval>ONE</ValueEval>
                            <Value>-1</Value>
                        </Step>
                        <Step>
                            <PrimitiveAction>CREATE_CARRIED_UNIT</PrimitiveAction>
                            <Target>SELF</Target>
                            <Value>1011</Value>
                        </Step>
                    </Steps>
                </Action>
                <Action>
                    <ActionNumber>47</ActionNumber>
                    <Identifier>ACTION_DISCONNECT</Identifier>
                    <TimeTaken>0</TimeTaken>
                    <ForceObjectAction>0</ForceObjectAction>
                    <InterruptCurrentAction>0</InterruptCurrentAction>
                    <MutexAction>0</MutexAction>
                    <FailOnInvalidTarget>0</FailOnInvalidTarget>
                    <PreserveParameter>0</PreserveParameter>
                    <AIScriptCanRun>0</AIScriptCanRun>
                    <SetParamZeroTicks>0</SetParamZeroTicks>
                    <AllowActionWhenStopped>0</AllowActionWhenStopped>
                    <LobProjectilePath>0</LobProjectilePath>
                    <Conditions />
                    <Steps>
                        <Step>
                            <PrimitiveAction>CHANGE_COMMANDER</PrimitiveAction>
                            <Target>TARGET_UNIT</Target>
                        </Step>
                    </Steps>
                </Action>
                <Action>
                    <ActionNumber>48</ActionNumber>
                    <Identifier>ACTION_RELEASE_UNIT</Identifier>
                    <TimeTaken>3</TimeTaken>
                    <ForceObjectAction>0</ForceObjectAction>
                    <InterruptCurrentAction>0</InterruptCurrentAction>
                    <MutexAction>0</MutexAction>
                    <FailOnInvalidTarget>1</FailOnInvalidTarget>
                    <PreserveParameter>0</PreserveParameter>
                    <AIScriptCanRun>0</AIScriptCanRun>
                    <SetParamZeroTicks>0</SetParamZeroTicks>
                    <AllowActionWhenStopped>0</AllowActionWhenStopped>
                    <LobProjectilePath>0</LobProjectilePath>
                    <Conditions>
                        <Condition>
                            <Resource>PARAMETER</Resource>
                            <Comparison>CLOSER_THAN</Comparison>
                            <Value>30</Value>
                        </Condition>
                    </Conditions>
                    <Steps>
                        <Step>
                            <PrimitiveAction>RELEASE_UNIT_ANYWHERE</PrimitiveAction>
                            <Target>TARGET_UNIT</Target>
                        </Step>
                    </Steps>
                </Action>
                <Action>
                    <ActionNumber>49</ActionNumber>
                    <Identifier>ACTION_RELEASE_AIRUNIT</Identifier>
                    <TimeTaken>3</TimeTaken>
                    <ForceObjectAction>0</ForceObjectAction>
                    <InterruptCurrentAction>0</InterruptCurrentAction>
                    <MutexAction>0</MutexAction>
                    <FailOnInvalidTarget>1</FailOnInvalidTarget>
                    <PreserveParameter>0</PreserveParameter>
                    <AIScriptCanRun>0</AIScriptCanRun>
                    <SetParamZeroTicks>0</SetParamZeroTicks>
                    <AllowActionWhenStopped>0</AllowActionWhenStopped>
                    <LobProjectilePath>0</LobProjectilePath>
                    <Conditions>
                        <Condition>
                            <Resource>PARAMETER</Resource>
                            <Comparison>CLOSER_THAN</Comparison>
                            <Value>30</Value>
                        </Condition>
                    </Conditions>
                    <Steps>
                        <Step>
                            <PrimitiveAction>RELEASE_UNIT</PrimitiveAction>
                            <Target>TARGET_UNIT</Target>
                        </Step>
                    </Steps>
                </Action>
                <Action>
                    <ActionNumber>50</ActionNumber>
                    <Identifier>ACTION_MOVE_SLOW</Identifier>
                    <TimeTaken>1</TimeTaken>
                    <ForceObjectAction>0</ForceObjectAction>
                    <InterruptCurrentAction>0</InterruptCurrentAction>
                    <MutexAction>0</MutexAction>
                    <FailOnInvalidTarget>0</FailOnInvalidTarget>
                    <PreserveParameter>0</PreserveParameter>
                    <AIScriptCanRun>0</AIScriptCanRun>
                    <SetParamZeroTicks>0</SetParamZeroTicks>
                    <AllowActionWhenStopped>0</AllowActionWhenStopped>
                    <LobProjectilePath>0</LobProjectilePath>
                    <Conditions />
                    <Steps>
                        <Step>
                            <PrimitiveAction>MOVE</PrimitiveAction>
                            <Target>SELF</Target>
                            <Value>0</Value>
                        </Step>
                    </Steps>
                </Action>
                <Action>
                    <ActionNumber>55</ActionNumber>
                    <Identifier>ACTION_HEAL_NANITE</Identifier>
                    <TimeTaken>0</TimeTaken>
                    <ForceObjectAction>1</ForceObjectAction>
                    <InterruptCurrentAction>1</InterruptCurrentAction>
                    <MutexAction>0</MutexAction>
                    <FailOnInvalidTarget>0</FailOnInvalidTarget>
                    <PreserveParameter>0</PreserveParameter>
                    <AIScriptCanRun>0</AIScriptCanRun>
                    <SetParamZeroTicks>0</SetParamZeroTicks>
                    <AllowActionWhenStopped>0</AllowActionWhenStopped>
                    <Conditions>
                        <Condition>
                            <Resource>U_AGE</Resource>
                            <Comparison>MODULO_IS_ZERO</Comparison>
                            <Value>18</Value>
                        </Condition>
                        <Condition>
                            <Resource>U_HP</Resource>
                            <Comparison>GEQUAL</Comparison>
                            <Value>140</Value>
                        </Condition>
                        <Condition>
                            <Resource>U_SECOND_OWNER</Resource>
                            <Comparison>NOT_EQUAL</Comparison>
                            <Value>15</Value>
                        </Condition>
                    </Conditions>
                    <Steps>
                        <Step>
                            <PrimitiveAction>NANITE_CLEAR</PrimitiveAction>
                            <Target>SELF</Target>
                        </Step>
                    </Steps>
                </Action>
            </Actions>
            <Objectives>
                <Objective>
                    <ObjectiveNumber>0</ObjectiveNumber>
                    <Script>Script31</Script>
                    <Name>Idle/Defend</Name>
                    <Details></Details>
                </Objective>
                <Objective>
                    <ObjectiveNumber>1</ObjectiveNumber>
                    <Script>Script21</Script>
                    <Name>Move</Name>
                    <Details> \Move to specified location \Move Speed: 12 (aircraft)\Vision Range: 29</Details>
                    <ObjectiveControlShortcutNumber>4</ObjectiveControlShortcutNumber>
                </Objective>
                <Objective>
                    <ObjectiveNumber>2</ObjectiveNumber>
                    <Script>Script21</Script>
                    <Name>Move</Name>
                    <Details></Details>
                </Objective>
                <Objective>
                    <ObjectiveNumber>3</ObjectiveNumber>
                    <Script>Script316</Script>
                    <Name>Make 3 Octos</Name>
                    <Details>Biological melee shock trooper\Very effective against ground targets\Good at absorbing enemy fire\Morphs into R.P or Dome\Invisible in Fog of War</Details>
                    <Resource4>180</Resource4>
                    <Resource8>5</Resource8>
                </Objective>
                <Objective>
                    <ObjectiveNumber>4</ObjectiveNumber>
                    <Script>Script317</Script>
                    <Name>Make 3 Sepis</Name>
                    <Details>Biological light support specialist\Powerful against air units\Morphs into Mound or Reaph\Invisible in Fog of War</Details>
                    <Resource4>180</Resource4>
                    <Resource8>5</Resource8>
                </Objective>
                <Objective>
                    <ObjectiveNumber>5</ObjectiveNumber>
                    <Script>Script22</Script>
                    <Name>Moving</Name>
                    <Details></Details>
                    <ObjectiveControlShortcutNumber>4</ObjectiveControlShortcutNumber>
                </Objective>
                <Objective>
                    <ObjectiveNumber>6</ObjectiveNumber>
                    <Script>Script22</Script>
                    <Name>Moving</Name>
                    <Details></Details>
                </Objective>
                <Objective>
                    <ObjectiveNumber>7</ObjectiveNumber>
                    <Script>Script318</Script>
                    <Name>Make 3 Pharos</Name>
                    <Details>Biological anti light-armor grenadier\Slow tough close-range fire support\Cloak detector\Morphs into Spyre or Arcticus\Invisible in Fog of War</Details>
                    <Resource4>180</Resource4>
                    <Resource8>5</Resource8>
                </Objective>
                <Objective>
                    <ObjectiveNumber>8</ObjectiveNumber>
                    <Script>Script202</Script>
                    <Name>Change Commander</Name>
                    <Details>Set an Arcticus as commander or set\target&apos;s Arcticus as own commander</Details>
                    <ObjectiveControlShortcutNumber>7</ObjectiveControlShortcutNumber>
                </Objective>
                <Objective>
                    <ObjectiveNumber>9</ObjectiveNumber>
                    <Script>Script204</Script>
                    <Name>Remove from Heirarchy</Name>
                    <Details>Remove from command hierarchy\ \Disconnect from commander</Details>
                </Objective>
                <Objective>
                    <ObjectiveNumber>11</ObjectiveNumber>
                    <Script>Script215</Script>
                    <Name>Load Unit</Name>
                    <Details></Details>
                    <ObjectiveControlShortcutNumber>6</ObjectiveControlShortcutNumber>
                </Objective>
                <Objective>
                    <ObjectiveNumber>12</ObjectiveNumber>
                    <Script>Script219</Script>
                    <Name>Release Cargo</Name>
                    <Details>Release All at location</Details>
                    <ObjectiveControlShortcutNumber>3</ObjectiveControlShortcutNumber>
                    <ParameterType>POSITION</ParameterType>
                </Objective>
                <Objective>
                    <ObjectiveNumber>16</ObjectiveNumber>
                    <Script>Script197</Script>
                    <Name>Stop</Name>
                    <Details> \Interrupt current objective\and return to idling</Details>
                </Objective>
                <Objective>
                    <ObjectiveNumber>17</ObjectiveNumber>
                    <Script>Script218</Script>
                    <Name>Release Unit</Name>
                    <Details>Select a Carried Unit</Details>
                    <ObjectiveControlShortcutNumber>3</ObjectiveControlShortcutNumber>
                    <ParameterType>POSITION</ParameterType>
                </Objective>
                <Objective>
                    <ObjectiveNumber>50</ObjectiveNumber>
                    <Script>Script40</Script>
                    <Name>Morphing...</Name>
                    <Details></Details>
                </Objective>
            </Objectives>
            <ControlShortcuts>
                <ControlShortcut>
                    <ControlNumber>1</ControlNumber>
                    <ControlObjectiveNumber>3</ControlObjectiveNumber>
                    <MouseInputType>SHORTCUT_QUICK_2</MouseInputType>
                    <ParameterType>NO_PARAMETER</ParameterType>
                    <Parameter>0</Parameter>
                    <KeyboardShortcut>$AchronKBOcto</KeyboardShortcut>
                    <Flags>
                        <ShortcutOnKeyRelease>1</ShortcutOnKeyRelease>
                        <EstTimeConstIsStart>0</EstTimeConstIsStart>
                        <ButtonDisabled>0</ButtonDisabled>
                        <UserControlsCustom>0</UserControlsCustom>
                        <ButtonInvisible>0</ButtonInvisible>
                        <SelectTarget>0</SelectTarget>
                    </Flags>
                    <EstTimeConst>162</EstTimeConst>
                    <EstTimeDist>0</EstTimeDist>
                    <Sound>Sound0</Sound>
                    <ControlConditions>
                        <ControlCondition>
                            <Resource>SKIN_UnitControlsCustom</Resource>
                            <Comparison>NOT_EQUAL</Comparison>
                            <Value>6</Value>
                        </ControlCondition>
                        <ControlCondition>
                            <Resource>U_OBJECTIVE</Resource>
                            <Comparison>NOT_EQUAL</Comparison>
                            <Value>50</Value>
                        </ControlCondition>
                    </ControlConditions>
                </ControlShortcut>
                <ControlShortcut>
                    <ControlNumber>2</ControlNumber>
                    <ControlObjectiveNumber>4</ControlObjectiveNumber>
                    <MouseInputType>SHORTCUT_QUICK_3</MouseInputType>
                    <ParameterType>NO_PARAMETER</ParameterType>
                    <Parameter>0</Parameter>
                    <KeyboardShortcut>$AchronKBSepi</KeyboardShortcut>
                    <Flags>
                        <ShortcutOnKeyRelease>1</ShortcutOnKeyRelease>
                        <EstTimeConstIsStart>0</EstTimeConstIsStart>
                        <ButtonDisabled>0</ButtonDisabled>
                        <UserControlsCustom>0</UserControlsCustom>
                        <ButtonInvisible>0</ButtonInvisible>
                        <SelectTarget>0</SelectTarget>
                    </Flags>
                    <EstTimeConst>162</EstTimeConst>
                    <EstTimeDist>0</EstTimeDist>
                    <Sound>Sound0</Sound>
                    <ControlConditions>
                        <ControlCondition>
                            <Resource>SKIN_UnitControlsCustom</Resource>
                            <Comparison>NOT_EQUAL</Comparison>
                            <Value>6</Value>
                        </ControlCondition>
                        <ControlCondition>
                            <Resource>U_OBJECTIVE</Resource>
                            <Comparison>NOT_EQUAL</Comparison>
                            <Value>50</Value>
                        </ControlCondition>
                    </ControlConditions>
                </ControlShortcut>
                <ControlShortcut>
                    <ControlNumber>3</ControlNumber>
                    <ControlObjectiveNumber>12</ControlObjectiveNumber>
                    <MouseInputType>SHORTCUT_QUICK_4</MouseInputType>
                    <ParameterType>POSITION</ParameterType>
                    <Parameter>0</Parameter>
                    <KeyboardShortcut>$AchronKBReleaseCargo</KeyboardShortcut>
                    <Flags>
                        <ShortcutOnKeyRelease>0</ShortcutOnKeyRelease>
                        <EstTimeConstIsStart>0</EstTimeConstIsStart>
                        <ButtonDisabled>0</ButtonDisabled>
                        <UserControlsCustom>0</UserControlsCustom>
                        <ButtonInvisible>0</ButtonInvisible>
                        <SelectTarget>0</SelectTarget>
                    </Flags>
                    <EstTimeConst>0</EstTimeConst>
                    <EstTimeDist>1</EstTimeDist>
                    <Sound>Sound0</Sound>
                    <ControlConditions />
                </ControlShortcut>
                <ControlShortcut>
                    <ControlNumber>4</ControlNumber>
                    <ControlObjectiveNumber>1</ControlObjectiveNumber>
                    <MouseInputType>SHORTCUT_TILE</MouseInputType>
                    <ParameterType>POSITION_AUTO_HEIGHT</ParameterType>
                    <Parameter>0</Parameter>
                    <KeyboardShortcut>$AchronKBMove</KeyboardShortcut>
                    <Flags>
                        <ShortcutOnKeyRelease>0</ShortcutOnKeyRelease>
                        <EstTimeConstIsStart>0</EstTimeConstIsStart>
                        <ButtonDisabled>0</ButtonDisabled>
                        <UserControlsCustom>0</UserControlsCustom>
                        <ButtonInvisible>0</ButtonInvisible>
                        <SelectTarget>0</SelectTarget>
                    </Flags>
                    <EstTimeConst>0</EstTimeConst>
                    <EstTimeDist>1</EstTimeDist>
                    <Sound>Sound0</Sound>
                    <ControlConditions />
                </ControlShortcut>
                <ControlShortcut>
                    <ControlNumber>5</ControlNumber>
                    <ControlObjectiveNumber>7</ControlObjectiveNumber>
                    <MouseInputType>SHORTCUT_QUICK_4</MouseInputType>
                    <ParameterType>NO_PARAMETER</ParameterType>
                    <Parameter>0</Parameter>
                    <KeyboardShortcut>$AchronKBPharo</KeyboardShortcut>
                    <Flags>
                        <ShortcutOnKeyRelease>1</ShortcutOnKeyRelease>
                        <EstTimeConstIsStart>0</EstTimeConstIsStart>
                        <ButtonDisabled>0</ButtonDisabled>
                        <UserControlsCustom>0</UserControlsCustom>
                        <ButtonInvisible>0</ButtonInvisible>
                        <SelectTarget>0</SelectTarget>
                    </Flags>
                    <EstTimeConst>162</EstTimeConst>
                    <EstTimeDist>0</EstTimeDist>
                    <Sound>Sound0</Sound>
                    <ControlConditions>
                        <ControlCondition>
                            <Resource>U_OBJECTIVE</Resource>
                            <Comparison>NOT_EQUAL</Comparison>
                            <Value>50</Value>
                        </ControlCondition>
                        <ControlCondition>
                            <Resource>SKIN_UnitControlsCustom</Resource>
                            <Comparison>NOT_EQUAL</Comparison>
                            <Value>6</Value>
                        </ControlCondition>
                    </ControlConditions>
                </ControlShortcut>
                <ControlShortcut>
                    <ControlNumber>6</ControlNumber>
                    <ControlObjectiveNumber>11</ControlObjectiveNumber>
                    <MouseInputType>SHORTCUT_ALLY_UNIT</MouseInputType>
                    <ParameterType>UNIT</ParameterType>
                    <Parameter>0</Parameter>
                    <KeyboardShortcut>$AchronKBLoadUnits</KeyboardShortcut>
                    <Flags>
                        <ShortcutOnKeyRelease>0</ShortcutOnKeyRelease>
                        <EstTimeConstIsStart>0</EstTimeConstIsStart>
                        <ButtonDisabled>0</ButtonDisabled>
                        <UserControlsCustom>0</UserControlsCustom>
                        <ButtonInvisible>0</ButtonInvisible>
                        <SelectTarget>0</SelectTarget>
                    </Flags>
                    <EstTimeConst>0</EstTimeConst>
                    <EstTimeDist>3</EstTimeDist>
                    <Sound>Sound0</Sound>
                    <ControlConditions />
                </ControlShortcut>
                <ControlShortcut>
                    <ControlNumber>7</ControlNumber>
                    <ControlObjectiveNumber>8</ControlObjectiveNumber>
                    <ParameterType>UNIT</ParameterType>
                    <Parameter>0</Parameter>
                    <KeyboardShortcut>$AchronKBChangeCommander</KeyboardShortcut>
                    <Flags>
                        <ShortcutOnKeyRelease>0</ShortcutOnKeyRelease>
                        <EstTimeConstIsStart>0</EstTimeConstIsStart>
                        <ButtonDisabled>0</ButtonDisabled>
                        <UserControlsCustom>0</UserControlsCustom>
                        <ButtonInvisible>0</ButtonInvisible>
                        <SelectTarget>0</SelectTarget>
                    </Flags>
                    <EstTimeConst>0</EstTimeConst>
                    <EstTimeDist>0</EstTimeDist>
                    <Sound>Sound0</Sound>
                    <ControlConditions />
                </ControlShortcut>
                <ControlShortcut>
                    <ControlNumber>8</ControlNumber>
                    <ControlObjectiveNumber>17</ControlObjectiveNumber>
                    <ParameterType>NO_PARAMETER</ParameterType>
                    <Parameter>0</Parameter>
                    <KeyboardShortcut></KeyboardShortcut>
                    <Flags>
                        <ShortcutOnKeyRelease>0</ShortcutOnKeyRelease>
                        <EstTimeConstIsStart>0</EstTimeConstIsStart>
                        <ButtonDisabled>0</ButtonDisabled>
                        <UserControlsCustom>0</UserControlsCustom>
                        <ButtonInvisible>0</ButtonInvisible>
                        <SelectTarget>0</SelectTarget>
                    </Flags>
                    <EstTimeConst>0</EstTimeConst>
                    <EstTimeDist>0</EstTimeDist>
                    <Sound>Sound0</Sound>
                    <ControlConditions>
                        <ControlCondition>
                            <Resource>NEVER</Resource>
                            <Comparison>EQUAL</Comparison>
                            <Value>0</Value>
                        </ControlCondition>
                    </ControlConditions>
                </ControlShortcut>
                <ControlShortcut>
                    <ControlNumber>13</ControlNumber>
                    <ControlObjectiveNumber>16</ControlObjectiveNumber>
                    <ParameterType>NO_PARAMETER</ParameterType>
                    <Parameter>0</Parameter>
                    <KeyboardShortcut>$AchronKBStop</KeyboardShortcut>
                    <Flags>
                        <ShortcutOnKeyRelease>0</ShortcutOnKeyRelease>
                        <EstTimeConstIsStart>0</EstTimeConstIsStart>
                        <ButtonDisabled>0</ButtonDisabled>
                        <UserControlsCustom>0</UserControlsCustom>
                        <ButtonInvisible>0</ButtonInvisible>
                        <SelectTarget>0</SelectTarget>
                    </Flags>
                    <EstTimeConst>0</EstTimeConst>
                    <EstTimeDist>0</EstTimeDist>
                    <Sound>Sound0</Sound>
                    <ControlConditions>
                        <ControlCondition>
                            <Resource>U_IS_CARRIED</Resource>
                            <Comparison>EQUAL</Comparison>
                            <Value>0</Value>
                        </ControlCondition>
                    </ControlConditions>
                </ControlShortcut>
                <ControlShortcut>
                    <ControlNumber>18</ControlNumber>
                    <ControlObjectiveNumber>9</ControlObjectiveNumber>
                    <ParameterType>NO_PARAMETER</ParameterType>
                    <Parameter>0</Parameter>
                    <KeyboardShortcut>$AchronKBRemoveFromHierarchy</KeyboardShortcut>
                    <Flags>
                        <ShortcutOnKeyRelease>0</ShortcutOnKeyRelease>
                        <EstTimeConstIsStart>0</EstTimeConstIsStart>
                        <ButtonDisabled>0</ButtonDisabled>
                        <UserControlsCustom>0</UserControlsCustom>
                        <ButtonInvisible>0</ButtonInvisible>
                        <SelectTarget>0</SelectTarget>
                    </Flags>
                    <EstTimeConst>0</EstTimeConst>
                    <EstTimeDist>0</EstTimeDist>
                    <Sound>Sound0</Sound>
                    <ControlConditions />
                </ControlShortcut>
            </ControlShortcuts>
        </ObjectClass>
