        <ActionStepModifier>
            <Name>HE S.O.C.</Name>
            <StrengthBase>90</StrengthBase>
            <StrengthRange>60</StrengthRange>
            <StrengthCount>1</StrengthCount>
            <Flags>
                <Permeating>1</Permeating>
                <LimitDistance>1</LimitDistance>
                <SetLastAttackedDirection>1</SetLastAttackedDirection>
                <ContinueActionOnStepFailure>0</ContinueActionOnStepFailure>
            </Flags>
            <AccuracyMultiplier>1</AccuracyMultiplier>
            <EffectTimeout>0</EffectTimeout>
            <MinEffectRadius>0</MinEffectRadius>
            <EffectRadius>18</EffectRadius>
            <EffectHeight>30</EffectHeight>
            <MaxEffectAngle>360</MaxEffectAngle>
            <EffectSplashHeight>6</EffectSplashHeight>
            <EffectSplashRadius>6</EffectSplashRadius>
            <EffectSplashEffectiveRadius>9</EffectSplashEffectiveRadius>
            <SelfStatistic>DamageDealt</SelfStatistic>
            <TargetStatistic>DamageReceived</TargetStatistic>
        </ActionStepModifier>
        <ActionStepModifier>
            <Name>HE AM Projection Cannon</Name>
            <StrengthBase>25</StrengthBase>
            <StrengthRange>0</StrengthRange>
            <StrengthCount>0</StrengthCount>
            <Flags>
                <Permeating>1</Permeating>
                <LimitDistance>1</LimitDistance>
                <SetLastAttackedDirection>1</SetLastAttackedDirection>
                <ContinueActionOnStepFailure>0</ContinueActionOnStepFailure>
            </Flags>
            <AccuracyMultiplier>1</AccuracyMultiplier>
            <EffectTimeout>0</EffectTimeout>
            <MinEffectRadius>0</MinEffectRadius>
            <EffectRadius>32</EffectRadius>
            <EffectHeight>30</EffectHeight>
            <MaxEffectAngle>360</MaxEffectAngle>
            <EffectSplashHeight>2</EffectSplashHeight>
            <EffectSplashRadius>1</EffectSplashRadius>
            <EffectSplashEffectiveRadius>2</EffectSplashEffectiveRadius>
            <SelfStatistic>DamageDealt</SelfStatistic>
            <TargetStatistic>DamageReceived</TargetStatistic>
        </ActionStepModifier>
        <ActionStepModifier>
            <Name>Chronoton Cascade</Name>
            <StrengthBase>15</StrengthBase>
            <StrengthRange>0</StrengthRange>
            <StrengthCount>0</StrengthCount>
            <Flags>
                <Permeating>1</Permeating>
                <LimitDistance>1</LimitDistance>
                <SetLastAttackedDirection>1</SetLastAttackedDirection>
                <ContinueActionOnStepFailure>0</ContinueActionOnStepFailure>
            </Flags>
            <AccuracyMultiplier>1</AccuracyMultiplier>
            <EffectTimeout>0</EffectTimeout>
            <MinEffectRadius>0</MinEffectRadius>
            <EffectRadius>32</EffectRadius>
            <EffectHeight>30</EffectHeight>
            <MaxEffectAngle>360</MaxEffectAngle>
            <EffectSplashHeight>8</EffectSplashHeight>
            <EffectSplashRadius>15</EffectSplashRadius>
            <EffectSplashEffectiveRadius>16</EffectSplashEffectiveRadius>
            <SelfStatistic>DamageDealt</SelfStatistic>
            <TargetStatistic>DamageReceived</TargetStatistic>
        </ActionStepModifier>

		
        <ActionStepModifier>
            <Name>HE S.O.C. Crit</Name>
            <StrengthBase>90</StrengthBase>
            <StrengthRange>40</StrengthRange>
            <StrengthCount>1</StrengthCount>
            <Flags>
                <Permeating>1</Permeating>
                <LimitDistance>1</LimitDistance>
                <SetLastAttackedDirection>1</SetLastAttackedDirection>
                <ContinueActionOnStepFailure>0</ContinueActionOnStepFailure>
            </Flags>
            <AccuracyMultiplier>1</AccuracyMultiplier>
            <EffectTimeout>0</EffectTimeout>
            <MinEffectRadius>0</MinEffectRadius>
            <EffectRadius>18</EffectRadius>
            <EffectHeight>30</EffectHeight>
            <MaxEffectAngle>360</MaxEffectAngle>
            <EffectSplashHeight>3</EffectSplashHeight>
            <EffectSplashRadius>4</EffectSplashRadius>
            <EffectSplashEffectiveRadius>6</EffectSplashEffectiveRadius>
            <SelfStatistic>DamageDealt</SelfStatistic>
            <TargetStatistic>DamageReceived</TargetStatistic>
        </ActionStepModifier>
        <ActionStepModifier>
            <Name>HE AA S.O.C.</Name>
            <StrengthBase>40</StrengthBase>
            <StrengthRange>20</StrengthRange>
            <StrengthCount>1</StrengthCount>
            <Flags>
                <Permeating>0</Permeating>
                <LimitDistance>1</LimitDistance>
                <SetLastAttackedDirection>1</SetLastAttackedDirection>
                <ContinueActionOnStepFailure>0</ContinueActionOnStepFailure>
            </Flags>
            <AccuracyMultiplier>1</AccuracyMultiplier>
            <EffectTimeout>0</EffectTimeout>
            <MinEffectRadius>0</MinEffectRadius>
            <EffectRadius>32</EffectRadius>
            <EffectHeight>30</EffectHeight>
            <MaxEffectAngle>360</MaxEffectAngle>
            <EffectSplashHeight>2</EffectSplashHeight>
            <EffectSplashRadius>1</EffectSplashRadius>
            <EffectSplashEffectiveRadius>2</EffectSplashEffectiveRadius>
            <SelfStatistic>DamageDealt</SelfStatistic>
            <TargetStatistic>DamageReceived</TargetStatistic>
        </ActionStepModifier>
        <ActionStepModifier>
            <Name>HE E S.O.C.</Name>
            <StrengthBase>100</StrengthBase>
            <StrengthRange>0</StrengthRange>
            <StrengthCount>0</StrengthCount>
            <Flags>
                <Permeating>1</Permeating>
                <LimitDistance>1</LimitDistance>
                <SetLastAttackedDirection>1</SetLastAttackedDirection>
                <ContinueActionOnStepFailure>0</ContinueActionOnStepFailure>
            </Flags>
            <AccuracyMultiplier>1</AccuracyMultiplier>
            <EffectTimeout>0</EffectTimeout>
            <MinEffectRadius>0</MinEffectRadius>
            <EffectRadius>10</EffectRadius>
            <EffectHeight>30</EffectHeight>
            <MaxEffectAngle>360</MaxEffectAngle>
            <EffectSplashHeight>3</EffectSplashHeight>
            <EffectSplashRadius>4</EffectSplashRadius>
            <EffectSplashEffectiveRadius>6</EffectSplashEffectiveRadius>
            <SelfStatistic>DamageDealt</SelfStatistic>
            <TargetStatistic>DamageReceived</TargetStatistic>
        </ActionStepModifier>
        <ActionStepModifier>
            <Name>HE E AA S.O.C.</Name>
            <StrengthBase>50</StrengthBase>
            <StrengthRange>100</StrengthRange>
            <StrengthCount>1</StrengthCount>
            <Flags>
                <Permeating>0</Permeating>
                <LimitDistance>1</LimitDistance>
                <SetLastAttackedDirection>1</SetLastAttackedDirection>
                <ContinueActionOnStepFailure>0</ContinueActionOnStepFailure>
            </Flags>
            <AccuracyMultiplier>1</AccuracyMultiplier>
            <EffectTimeout>0</EffectTimeout>
            <MinEffectRadius>0</MinEffectRadius>
            <EffectRadius>12</EffectRadius>
            <EffectHeight>30</EffectHeight>
            <MaxEffectAngle>360</MaxEffectAngle>
            <EffectSplashHeight>2</EffectSplashHeight>
            <EffectSplashRadius>1</EffectSplashRadius>
            <EffectSplashEffectiveRadius>2</EffectSplashEffectiveRadius>
            <SelfStatistic>DamageDealt</SelfStatistic>
            <TargetStatistic>DamageReceived</TargetStatistic>
        </ActionStepModifier>
