        <ObjectClass>
            <ClassNumber>1260</ClassNumber>
            <Name>Reaph (Wreckage)</Name>
            <Description>This Reaph is destroyed&#x0D;&#x0A; &#x0D;&#x0A;No risk from further internal explosions</Description>
            <Model>./grekim/reaph_mound.mdl</Model>
            <Rank>60</Rank>
            <Type>2</Type>
            <PrioritySelectionRank>0</PrioritySelectionRank>
            <MaxHealth>0</MaxHealth>
            <MaxEnergy>250</MaxEnergy>
            <MaxArmor>0</MaxArmor>
            <MaxAmmo>250</MaxAmmo>
            <SightRadius>0</SightRadius>
            <ForwardMinSightRadius>0</ForwardMinSightRadius>
            <ReverseMaxSightRadius>0</ReverseMaxSightRadius>
            <ReverseMinSightRadius>0</ReverseMinSightRadius>
            <ForwardSightAngleOfView>360</ForwardSightAngleOfView>
            <SightHeight>0</SightHeight>
            <DistanceIndicatorRadius>0</DistanceIndicatorRadius>
            <AgilityMultiplier>1</AgilityMultiplier>
            <CarryingCapacity>0</CarryingCapacity>
            <MaxTerrainAngle>90</MaxTerrainAngle>
            <TicksToTurn45Degrees>0.5</TicksToTurn45Degrees>
            <HealthFieldName>Shielding</HealthFieldName>
            <EnergyFieldName></EnergyFieldName>
            <AmmoFieldName></AmmoFieldName>
            <Flags>
                <VerticalMovementAllowed>0</VerticalMovementAllowed>
                <UnaffectedByTerrain>0</UnaffectedByTerrain>
                <GainKillExperience>0</GainKillExperience>
                <RemainUpright>0</RemainUpright>
                <NonGroupSelection>1</NonGroupSelection>
                <ShowVisibilityRange>1</ShowVisibilityRange>
                <ShowThroughFogOfWar>1</ShowThroughFogOfWar>
                <AlwaysShowVisibility>0</AlwaysShowVisibility>
                <SeeThroughObjects>1</SeeThroughObjects>
                <ActiveLocatorBeacon>0</ActiveLocatorBeacon>
                <AlwaysHighlightUnit>0</AlwaysHighlightUnit>
                <AlwaysSelectable>0</AlwaysSelectable>
                <AlwaysShowDistanceIndicator>0</AlwaysShowDistanceIndicator>
                <AppearAsNoOwnerUnlessVisible>0</AppearAsNoOwnerUnlessVisible>
                <AlwaysAppearAsNoOwner>0</AlwaysAppearAsNoOwner>
                <AlwaysHighlightUnitUnlessNoOwner>0</AlwaysHighlightUnitUnlessNoOwner>
                <HideHealthField>0</HideHealthField>
                <HideEnergyField>1</HideEnergyField>
                <HideArmorField>1</HideArmorField>
                <HideAmmoField>1</HideAmmoField>
                <HideCapacityField>0</HideCapacityField>
            </Flags>
            <Cloaking>
                <Gradar>1</Gradar>
                <Detector>1</Detector>
                <Visible>1</Visible>
            </Cloaking>
            <Sensing>
                <Gradar>0</Gradar>
                <Detector>0</Detector>
                <Visible>1</Visible>
            </Sensing>
            <StoppedActionSteps />
            <ChronoportedActionSteps />
            <ChronoportArrivedActionSteps>
                <Step>
                    <PrimitiveAction>ACCUM_STATISTIC</PrimitiveAction>
                    <Target>SELF</Target>
                    <Type>CPortArrivals</Type>
                    <ValueEval>ONE</ValueEval>
                    <Value>1</Value>
                </Step>
            </ChronoportArrivedActionSteps>
            <Animations>
                <Animation>
                    <Identifier>ACTION_DESTROY_A</Identifier>
                    <AnimationNum>0</AnimationNum>
                    <Sound>Sound0</Sound>
                    <AnimationTime>0</AnimationTime>
                    <ShowProgress>0</ShowProgress>
                    <MorphFromActionParameterClass>0</MorphFromActionParameterClass>
                    <LobProjectilePath>0</LobProjectilePath>
                    <RenderModelExplode>1</RenderModelExplode>
                    <Conditions>
                        <Condition>
                            <Resource>U_ACTION</Resource>
                            <Comparison>EQUAL</Comparison>
                            <Value>39</Value>
                        </Condition>
                    </Conditions>
                </Animation>
                <Animation>
                    <Identifier>ACTION_BLOWUP_ALT</Identifier>
                    <AnimationNum>3</AnimationNum>
                    <Sound>Sound113</Sound>
                    <AnimationTime>0</AnimationTime>
                    <ShowProgress>0</ShowProgress>
                    <MorphFromActionParameterClass>0</MorphFromActionParameterClass>
                    <LobProjectilePath>0</LobProjectilePath>
                    <RenderModelExplode>1</RenderModelExplode>
                    <Conditions>
                        <Condition>
                            <Resource>U_ACTION</Resource>
                            <Comparison>EQUAL</Comparison>
                            <Value>24</Value>
                        </Condition>
                    </Conditions>
                </Animation>
                <Animation>
                    <Identifier>ACTION_BLOWUP_2</Identifier>
                    <AnimationNum>3</AnimationNum>
                    <Sound>Sound113</Sound>
                    <AnimationTime>0</AnimationTime>
                    <ShowProgress>0</ShowProgress>
                    <MorphFromActionParameterClass>0</MorphFromActionParameterClass>
                    <LobProjectilePath>0</LobProjectilePath>
                    <RenderModelExplode>0</RenderModelExplode>
                    <Conditions>
                        <Condition>
                            <Resource>U_ACTION</Resource>
                            <Comparison>EQUAL</Comparison>
                            <Value>21</Value>
                        </Condition>
                    </Conditions>
                </Animation>
                <Animation>
                    <Identifier>idle</Identifier>
                    <AnimationNum>0</AnimationNum>
                    <Sound>Sound0</Sound>
                    <AnimationTime>24</AnimationTime>
                    <ShowProgress>0</ShowProgress>
                    <MorphFromActionParameterClass>0</MorphFromActionParameterClass>
                    <LobProjectilePath>0</LobProjectilePath>
                    <RenderModelExplode>0</RenderModelExplode>
                    <Conditions />
                </Animation>
            </Animations>
            <Actions>
                <Action>
                    <ActionNumber>0</ActionNumber>
                    <Identifier>ACTION_CREATE</Identifier>
                    <TimeTaken>27</TimeTaken>
                    <ForceObjectAction>0</ForceObjectAction>
                    <InterruptCurrentAction>0</InterruptCurrentAction>
                    <MutexAction>1</MutexAction>
                    <FailOnInvalidTarget>0</FailOnInvalidTarget>
                    <PreserveParameter>0</PreserveParameter>
                    <AIScriptCanRun>0</AIScriptCanRun>
                    <SetParamZeroTicks>0</SetParamZeroTicks>
                    <AllowActionWhenStopped>0</AllowActionWhenStopped>
                    <Conditions />
                    <Steps>
                        <Step>
                            <PrimitiveAction>ACCUM_STATISTIC</PrimitiveAction>
                            <Target>SELF</Target>
                            <Type>UnitsCreated</Type>
                            <ValueEval>ONE</ValueEval>
                            <Value>1</Value>
                        </Step>
                    </Steps>
                </Action>
                <Action>
                    <ActionNumber>1</ActionNumber>
                    <Identifier>ACTION_CLEAR_FREEZE</Identifier>
                    <TimeTaken>1</TimeTaken>
                    <ForceObjectAction>1</ForceObjectAction>
                    <InterruptCurrentAction>1</InterruptCurrentAction>
                    <MutexAction>1</MutexAction>
                    <FailOnInvalidTarget>0</FailOnInvalidTarget>
                    <PreserveParameter>0</PreserveParameter>
                    <AIScriptCanRun>0</AIScriptCanRun>
                    <SetParamZeroTicks>0</SetParamZeroTicks>
                    <AllowActionWhenStopped>0</AllowActionWhenStopped>
                    <Conditions>
                        <Condition>
                            <Resource>U_STATUS</Resource>
                            <Comparison>BITMASK</Comparison>
                            <Value>8</Value>
                        </Condition>
                    </Conditions>
                    <Steps>
                        <Step>
                            <PrimitiveAction>CLEAR_STATUS</PrimitiveAction>
                            <Target>SELF</Target>
                            <Type>STATUS_STOP</Type>
                        </Step>
                    </Steps>
                </Action>
                <Action>
                    <ActionNumber>20</ActionNumber>
                    <Identifier>ACTION_BLOWUP_1</Identifier>
                    <TimeTaken>1</TimeTaken>
                    <ForceObjectAction>1</ForceObjectAction>
                    <InterruptCurrentAction>0</InterruptCurrentAction>
                    <MutexAction>1</MutexAction>
                    <FailOnInvalidTarget>0</FailOnInvalidTarget>
                    <PreserveParameter>0</PreserveParameter>
                    <AIScriptCanRun>0</AIScriptCanRun>
                    <SetParamZeroTicks>0</SetParamZeroTicks>
                    <AllowActionWhenStopped>0</AllowActionWhenStopped>
                    <Conditions>
                        <Condition>
                            <Resource>U_AMMO</Resource>
                            <Comparison>EQUAL</Comparison>
                            <Value>0</Value>
                        </Condition>
                        <Condition>
                            <Resource>U_OWNER</Resource>
                            <Comparison>LESS</Comparison>
                            <Value>15</Value>
                        </Condition>
                    </Conditions>
                    <Steps>
                        <Step>
                            <PrimitiveAction>SET_STATUS</PrimitiveAction>
                            <Target>SELF</Target>
                            <Type>STATUS_CLOAKED</Type>
                        </Step>
                        <Step>
                            <PrimitiveAction>CONSUME_RESOURCE</PrimitiveAction>
                            <Target>SELF</Target>
                            <Type>U_OWNER</Type>
                            <ValueEval>SET_TO_VALUE</ValueEval>
                            <Value>14</Value>
                        </Step>
                        <Step>
                            <PrimitiveAction>CONSUME_RESOURCE</PrimitiveAction>
                            <Target>SELF</Target>
                            <Type>U_OBJECTIVE</Type>
                            <ValueEval>SET_TO_VALUE</ValueEval>
                            <Value>0</Value>
                        </Step>
                        <Step>
                            <PrimitiveAction>CONSUME_RESOURCE</PrimitiveAction>
                            <Target>SELF</Target>
                            <Type>U_AMMO</Type>
                            <ValueEval>ONE</ValueEval>
                            <Value>-1</Value>
                        </Step>
                    </Steps>
                </Action>
                <Action>
                    <ActionNumber>21</ActionNumber>
                    <Identifier>ACTION_BLOWUP_2</Identifier>
                    <TimeTaken>45</TimeTaken>
                    <ForceObjectAction>1</ForceObjectAction>
                    <InterruptCurrentAction>0</InterruptCurrentAction>
                    <MutexAction>1</MutexAction>
                    <FailOnInvalidTarget>0</FailOnInvalidTarget>
                    <PreserveParameter>0</PreserveParameter>
                    <AIScriptCanRun>0</AIScriptCanRun>
                    <SetParamZeroTicks>0</SetParamZeroTicks>
                    <AllowActionWhenStopped>0</AllowActionWhenStopped>
                    <Conditions>
                        <Condition>
                            <Resource>U_AMMO</Resource>
                            <Comparison>EQUAL</Comparison>
                            <Value>1</Value>
                        </Condition>
                    </Conditions>
                    <Steps>
                        <Step>
                            <PrimitiveAction>CONSUME_RESOURCE</PrimitiveAction>
                            <Target>SELF</Target>
                            <Type>U_AMMO</Type>
                            <ValueEval>ONE</ValueEval>
                            <Value>-9</Value>
                        </Step>
                    </Steps>
                </Action>
                <Action>
                    <ActionNumber>24</ActionNumber>
                    <Identifier>ACTION_BLOWUP_ALT</Identifier>
                    <TimeTaken>45</TimeTaken>
                    <ForceObjectAction>1</ForceObjectAction>
                    <InterruptCurrentAction>0</InterruptCurrentAction>
                    <MutexAction>1</MutexAction>
                    <FailOnInvalidTarget>0</FailOnInvalidTarget>
                    <PreserveParameter>0</PreserveParameter>
                    <AIScriptCanRun>0</AIScriptCanRun>
                    <SetParamZeroTicks>0</SetParamZeroTicks>
                    <AllowActionWhenStopped>0</AllowActionWhenStopped>
                    <Conditions>
                        <Condition>
                            <Resource>U_AMMO</Resource>
                            <Comparison>EQUAL</Comparison>
                            <Value>0</Value>
                        </Condition>
                    </Conditions>
                    <Steps>
                        <Step>
                            <PrimitiveAction>CONSUME_RESOURCE</PrimitiveAction>
                            <Target>SELF</Target>
                            <Type>U_AMMO</Type>
                            <ValueEval>SET_TO_VALUE</ValueEval>
                            <Value>6</Value>
                        </Step>
                        <Step>
                            <PrimitiveAction>DIE</PrimitiveAction>
                            <Target>SELF</Target>
                        </Step>
                    </Steps>
                </Action>
                <Action>
                    <ActionNumber>35</ActionNumber>
                    <Identifier>ACTION_ROLL_Decay</Identifier>
                    <TimeTaken>2</TimeTaken>
                    <ForceObjectAction>1</ForceObjectAction>
                    <InterruptCurrentAction>0</InterruptCurrentAction>
                    <MutexAction>1</MutexAction>
                    <FailOnInvalidTarget>0</FailOnInvalidTarget>
                    <PreserveParameter>0</PreserveParameter>
                    <AIScriptCanRun>0</AIScriptCanRun>
                    <SetParamZeroTicks>0</SetParamZeroTicks>
                    <AllowActionWhenStopped>0</AllowActionWhenStopped>
                    <Conditions>
                        <Condition>
                            <Resource>U_AMMO</Resource>
                            <Comparison>GEQUAL</Comparison>
                            <Value>10</Value>
                        </Condition>
                        <Condition>
                            <Resource>U_ENERGY</Resource>
                            <Comparison>LESS</Comparison>
                            <Value>20</Value>
                        </Condition>
                    </Conditions>
                    <Steps>
                        <Step>
                            <PrimitiveAction>CONSUME_RESOURCE</PrimitiveAction>
                            <Target>SELF</Target>
                            <Type>U_AMMO</Type>
														<Probability>0.5</Probability>
                            <ValueEval>ONE</ValueEval>
                            <Value>-1</Value>
                        </Step>
                        <Step>
                            <PrimitiveAction>CONSUME_RESOURCE</PrimitiveAction>
                            <Target>SELF</Target>
                            <Type>U_ENERGY</Type>
                            <ValueEval>ONE</ValueEval>
                            <Value>-1</Value>
                        </Step>
                    </Steps>
                </Action>
                <Action>
                    <ActionNumber>36</ActionNumber>
                    <Identifier>ACTION_Finish_Decay</Identifier>
                    <TimeTaken>35</TimeTaken>
                    <ForceObjectAction>1</ForceObjectAction>
                    <InterruptCurrentAction>0</InterruptCurrentAction>
                    <MutexAction>1</MutexAction>
                    <FailOnInvalidTarget>0</FailOnInvalidTarget>
                    <PreserveParameter>0</PreserveParameter>
                    <AIScriptCanRun>0</AIScriptCanRun>
                    <SetParamZeroTicks>0</SetParamZeroTicks>
                    <AllowActionWhenStopped>0</AllowActionWhenStopped>
                    <Conditions>
                        <Condition>
                            <Resource>U_AMMO</Resource>
                            <Comparison>GEQUAL</Comparison>
                            <Value>10</Value>
                        </Condition>
                        <Condition>
                            <Resource>U_AMMO</Resource>
                            <Comparison>LESS</Comparison>
                            <Value>68</Value>
                        </Condition>
                        <Condition>
                            <Resource>U_ENERGY</Resource>
                            <Comparison>GEQUAL</Comparison>
                            <Value>20</Value>
                        </Condition>
                        <Condition>
                            <Resource>U_ACTION</Resource>
                            <Comparison>NOT_EQUAL</Comparison>
                            <Value>36</Value>
                        </Condition>
                    </Conditions>
                    <Steps>
                        <Step>
                            <PrimitiveAction>CONSUME_RESOURCE</PrimitiveAction>
                            <Target>SELF</Target>
                            <Type>U_AMMO</Type>
                            <ValueEval>ONE</ValueEval>
                            <Value>-1</Value>
                        </Step>
                        <Step>
                            <PrimitiveAction>CONSUME_RESOURCE</PrimitiveAction>
                            <Target>SELF</Target>
                            <Type>U_ENERGY</Type>
                            <ValueEval>ONE</ValueEval>
                            <Value>-1</Value>
                        </Step>
                        <Step>
                            <PrimitiveAction>CONSUME_RESOURCE</PrimitiveAction>
                            <Target>SELF</Target>
                            <Type>U_ARMOUR</Type>
														<Probability>0.2</Probability>
                            <ValueEval>ONE</ValueEval>
                            <Value>-1</Value>
                        </Step>
                    </Steps>
                </Action>
                <Action>
                    <ActionNumber>37</ActionNumber>
                    <Identifier>ACTION_NOTHING</Identifier>
                    <TimeTaken>1</TimeTaken>
                    <ForceObjectAction>0</ForceObjectAction>
                    <InterruptCurrentAction>0</InterruptCurrentAction>
                    <MutexAction>1</MutexAction>
                    <FailOnInvalidTarget>0</FailOnInvalidTarget>
                    <PreserveParameter>0</PreserveParameter>
                    <AIScriptCanRun>0</AIScriptCanRun>
                    <SetParamZeroTicks>0</SetParamZeroTicks>
                    <AllowActionWhenStopped>0</AllowActionWhenStopped>
                    <Conditions />
                    <Steps />
								</Action>
                <Action>
                    <ActionNumber>39</ActionNumber>
                    <Identifier>ACTION_DESTROY_A</Identifier>
                    <TimeTaken>40</TimeTaken>
                    <ForceObjectAction>1</ForceObjectAction>
                    <InterruptCurrentAction>0</InterruptCurrentAction>
                    <MutexAction>1</MutexAction>
                    <FailOnInvalidTarget>0</FailOnInvalidTarget>
                    <PreserveParameter>0</PreserveParameter>
                    <AIScriptCanRun>0</AIScriptCanRun>
                    <SetParamZeroTicks>0</SetParamZeroTicks>
                    <AllowActionWhenStopped>0</AllowActionWhenStopped>
                    <Conditions>
                        <Condition>
                            <Resource>U_AMMO</Resource>
                            <Comparison>EQUAL</Comparison>
                            <Value>68</Value>
                        </Condition>
                    </Conditions>
                    <Steps>
                        <Step>
                            <PrimitiveAction>DIE</PrimitiveAction>
                            <Target>SELF</Target>
                        </Step>
                    </Steps>
                </Action>
                <Action>
                    <ActionNumber>40</ActionNumber>
                    <Identifier>ACTION_DEATH</Identifier>
                    <TimeTaken>2</TimeTaken>
                    <ForceObjectAction>0</ForceObjectAction>
                    <InterruptCurrentAction>0</InterruptCurrentAction>
                    <MutexAction>0</MutexAction>
                    <FailOnInvalidTarget>0</FailOnInvalidTarget>
                    <PreserveParameter>0</PreserveParameter>
                    <AIScriptCanRun>0</AIScriptCanRun>
                    <SetParamZeroTicks>0</SetParamZeroTicks>
                    <AllowActionWhenStopped>0</AllowActionWhenStopped>
                    <Conditions />
                    <Steps />
                </Action>
						</Actions>
            <Objectives />
            <ControlShortcuts />
				</ObjectClass>
